OrderID,CustomerID,OrderDate,StoreID,ShippingFee,Tax,PaymentMethod,DeliveryOption,ProductID,Quantity,Discount
1,1,2024-05-12,9,19.78,1.5,Credit Card,Home Delivery,71,6,0.01
1,1,2024-05-12,9,19.78,1.5,Credit Card,Home Delivery,63,2,0.21
1,1,2024-05-12,9,19.78,1.5,Credit Card,Home Delivery,46,10,0.25
1,1,2024-05-12,9,19.78,1.5,Credit Card,Home Delivery,12,3,0.13
1,1,2024-05-12,9,19.78,1.5,Credit Card,Home Delivery,48,4,0.24
2,10,2024-01-27,3,11.91,14.33,PayPal,Home Delivery,56,10,0.05
2,10,2024-01-27,3,11.91,14.33,PayPal,Home Delivery,37,8,0.0
2,10,2024-01-27,3,11.91,14.33,PayPal,Home Delivery,56,10,0.29
2,10,2024-01-27,3,11.91,14.33,PayPal,Home Delivery,67,4,0.16
3,87,2024-09-03,7,18.58,9.75,Debit Card,In-store Pickup,37,1,0.2
3,87,2024-09-03,7,18.58,9.75,Debit Card,In-store Pickup,39,1,0.09
4,57,2024-05-13,11,16.13,5.98,Cash,In-store Pickup,29,9,0.29
4,57,2024-05-13,11,16.13,5.98,Cash,In-store Pickup,64,10,0.24
5,75,2024-01-31,5,15.01,13.99,PayPal,In-store Pickup,10,1,0.15
5,75,2024-01-31,5,15.01,13.99,PayPal,In-store Pickup,11,6,0.17
5,75,2024-01-31,5,15.01,13.99,PayPal,In-store Pickup,90,5,0.16
5,75,2024-01-31,5,15.01,13.99,PayPal,In-store Pickup,61,3,0.17
5,75,2024-01-31,5,15.01,13.99,PayPal,In-store Pickup,11,2,0.05
6,73,2024-10-13,10,9.17,7.74,Credit Card,In-store Pickup,40,7,0.16
6,73,2024-10-13,10,9.17,7.74,Credit Card,In-store Pickup,42,7,0.09
6,73,2024-10-13,10,9.17,7.74,Credit Card,In-store Pickup,39,5,0.13
6,73,2024-10-13,10,9.17,7.74,Credit Card,In-store Pickup,37,6,0.09
7,13,2024-05-03,5,10.91,1.3,PayPal,In-store Pickup,16,1,0.03
7,13,2024-05-03,5,10.91,1.3,PayPal,In-store Pickup,54,8,0.04
7,13,2024-05-03,5,10.91,1.3,PayPal,In-store Pickup,60,10,0.03
7,13,2024-05-03,5,10.91,1.3,PayPal,In-store Pickup,15,8,0.01
7,13,2024-05-03,5,10.91,1.3,PayPal,In-store Pickup,89,5,0.13
8,70,2024-06-28,16,12.98,4.17,Credit Card,Home Delivery,7,8,0.02
8,70,2024-06-28,16,12.98,4.17,Credit Card,Home Delivery,39,5,0.06
9,62,2024-11-04,1,16.77,13.91,Cash,In-store Pickup,32,9,0.19
9,62,2024-11-04,1,16.77,13.91,Cash,In-store Pickup,66,2,0.27
9,62,2024-11-04,1,16.77,13.91,Cash,In-store Pickup,22,8,0.2
9,62,2024-11-04,1,16.77,13.91,Cash,In-store Pickup,73,7,0.24
9,62,2024-11-04,1,16.77,13.91,Cash,In-store Pickup,83,10,0.07
10,19,2024-01-03,18,7.68,11.22,PayPal,Home Delivery,59,3,0.28
10,19,2024-01-03,18,7.68,11.22,PayPal,Home Delivery,14,6,0.25
11,88,2024-04-08,13,6.64,9.85,PayPal,Home Delivery,5,3,0.21
11,88,2024-04-08,13,6.64,9.85,PayPal,Home Delivery,15,7,0.14
11,88,2024-04-08,13,6.64,9.85,PayPal,Home Delivery,44,2,0.22
11,88,2024-04-08,13,6.64,9.85,PayPal,Home Delivery,9,10,0.17
11,88,2024-04-08,13,6.64,9.85,PayPal,Home Delivery,61,9,0.23
12,61,2024-03-11,19,18.56,3.77,Debit Card,In-store Pickup,86,1,0.23
12,61,2024-03-11,19,18.56,3.77,Debit Card,In-store Pickup,71,9,0.27
12,61,2024-03-11,19,18.56,3.77,Debit Card,In-store Pickup,44,5,0.13
13,93,2024-01-07,3,12.06,4.72,Credit Card,In-store Pickup,10,5,0.03
14,80,2024-09-03,3,13.87,5.85,Debit Card,In-store Pickup,88,7,0.18
15,79,2024-01-12,16,10.02,3.96,Debit Card,In-store Pickup,14,6,0.11
16,27,2024-09-02,17,16.69,2.33,Credit Card,In-store Pickup,25,3,0.15
16,27,2024-09-02,17,16.69,2.33,Credit Card,In-store Pickup,90,6,0.2
17,27,2024-06-07,4,12.77,6.39,Credit Card,In-store Pickup,13,7,0.03
17,27,2024-06-07,4,12.77,6.39,Credit Card,In-store Pickup,5,1,0.22
17,27,2024-06-07,4,12.77,6.39,Credit Card,In-store Pickup,55,7,0.21
17,27,2024-06-07,4,12.77,6.39,Credit Card,In-store Pickup,32,10,0.06
17,27,2024-06-07,4,12.77,6.39,Credit Card,In-store Pickup,3,9,0.05
18,49,2024-02-27,2,14.42,1.3,PayPal,In-store Pickup,5,9,0.03
18,49,2024-02-27,2,14.42,1.3,PayPal,In-store Pickup,97,8,0.26
18,49,2024-02-27,2,14.42,1.3,PayPal,In-store Pickup,59,3,0.01
18,49,2024-02-27,2,14.42,1.3,PayPal,In-store Pickup,11,10,0.29
19,41,2024-10-15,5,14.05,8.19,Credit Card,In-store Pickup,66,9,0.14
20,47,2024-07-30,7,10.43,13.64,Cash,In-store Pickup,41,10,0.29
20,47,2024-07-30,7,10.43,13.64,Cash,In-store Pickup,67,5,0.06
21,74,2024-03-05,11,11.21,10.28,Credit Card,In-store Pickup,26,5,0.17
21,74,2024-03-05,11,11.21,10.28,Credit Card,In-store Pickup,69,3,0.04
22,17,2024-05-05,5,9.89,11.78,Cash,In-store Pickup,45,7,0.2
22,17,2024-05-05,5,9.89,11.78,Cash,In-store Pickup,90,9,0.08
22,17,2024-05-05,5,9.89,11.78,Cash,In-store Pickup,14,10,0.05
22,17,2024-05-05,5,9.89,11.78,Cash,In-store Pickup,39,9,0.01
22,17,2024-05-05,5,9.89,11.78,Cash,In-store Pickup,87,8,0.17
23,96,2024-06-04,3,10.24,3.09,Cash,In-store Pickup,93,5,0.1
24,30,2024-01-20,14,13.39,13.61,Credit Card,In-store Pickup,14,3,0.05
24,30,2024-01-20,14,13.39,13.61,Credit Card,In-store Pickup,23,8,0.18
25,3,2024-07-18,8,14.61,2.05,Credit Card,In-store Pickup,77,3,0.08
25,3,2024-07-18,8,14.61,2.05,Credit Card,In-store Pickup,45,2,0.15
25,3,2024-07-18,8,14.61,2.05,Credit Card,In-store Pickup,99,5,0.22
25,3,2024-07-18,8,14.61,2.05,Credit Card,In-store Pickup,24,6,0.0
26,32,2024-09-12,15,10.65,11.54,Cash,Home Delivery,39,10,0.03
27,31,2024-02-17,16,5.75,8.29,PayPal,Home Delivery,66,1,0.29
28,24,2024-02-10,18,13.5,10.34,PayPal,Home Delivery,91,4,0.2
28,24,2024-02-10,18,13.5,10.34,PayPal,Home Delivery,91,6,0.09
28,24,2024-02-10,18,13.5,10.34,PayPal,Home Delivery,28,3,0.16
28,24,2024-02-10,18,13.5,10.34,PayPal,Home Delivery,18,6,0.01
28,24,2024-02-10,18,13.5,10.34,PayPal,Home Delivery,51,8,0.18
29,32,2024-01-05,8,8.57,11.82,PayPal,In-store Pickup,25,2,0.01
29,32,2024-01-05,8,8.57,11.82,PayPal,In-store Pickup,41,3,0.03
29,32,2024-01-05,8,8.57,11.82,PayPal,In-store Pickup,16,3,0.19
29,32,2024-01-05,8,8.57,11.82,PayPal,In-store Pickup,46,6,0.14
30,81,2024-01-01,19,15.9,9.88,Cash,In-store Pickup,70,1,0.08
30,81,2024-01-01,19,15.9,9.88,Cash,In-store Pickup,41,1,0.14
30,81,2024-01-01,19,15.9,9.88,Cash,In-store Pickup,29,6,0.24
30,81,2024-01-01,19,15.9,9.88,Cash,In-store Pickup,9,4,0.18
30,81,2024-01-01,19,15.9,9.88,Cash,In-store Pickup,8,4,0.29
31,4,2024-06-11,9,13.43,14.69,Cash,In-store Pickup,13,2,0.11
31,4,2024-06-11,9,13.43,14.69,Cash,In-store Pickup,1,10,0.26
31,4,2024-06-11,9,13.43,14.69,Cash,In-store Pickup,89,6,0.3
31,4,2024-06-11,9,13.43,14.69,Cash,In-store Pickup,8,6,0.27
31,4,2024-06-11,9,13.43,14.69,Cash,In-store Pickup,54,2,0.02
32,85,2024-08-24,8,9.03,10.17,Cash,Home Delivery,16,10,0.25
32,85,2024-08-24,8,9.03,10.17,Cash,Home Delivery,18,5,0.14
33,47,2024-04-12,20,15.61,5.0,PayPal,Home Delivery,92,8,0.2
34,95,2024-05-31,19,6.75,6.38,Credit Card,Home Delivery,69,8,0.05
34,95,2024-05-31,19,6.75,6.38,Credit Card,Home Delivery,31,2,0.05
34,95,2024-05-31,19,6.75,6.38,Credit Card,Home Delivery,81,2,0.11
34,95,2024-05-31,19,6.75,6.38,Credit Card,Home Delivery,100,3,0.3
34,95,2024-05-31,19,6.75,6.38,Credit Card,Home Delivery,61,10,0.1
35,42,2024-07-25,18,8.21,1.8,PayPal,In-store Pickup,38,10,0.15
35,42,2024-07-25,18,8.21,1.8,PayPal,In-store Pickup,64,7,0.18
35,42,2024-07-25,18,8.21,1.8,PayPal,In-store Pickup,73,10,0.24
35,42,2024-07-25,18,8.21,1.8,PayPal,In-store Pickup,23,4,0.27
36,79,2024-09-12,10,7.75,12.1,Credit Card,In-store Pickup,45,7,0.27
36,79,2024-09-12,10,7.75,12.1,Credit Card,In-store Pickup,56,8,0.22
37,79,2024-07-26,13,19.77,1.16,PayPal,In-store Pickup,88,9,0.17
37,79,2024-07-26,13,19.77,1.16,PayPal,In-store Pickup,15,9,0.27
37,79,2024-07-26,13,19.77,1.16,PayPal,In-store Pickup,81,4,0.2
38,1,2024-09-19,8,15.47,7.52,Cash,In-store Pickup,68,5,0.06
38,1,2024-09-19,8,15.47,7.52,Cash,In-store Pickup,58,5,0.13
39,72,2024-04-10,7,16.02,1.25,Cash,In-store Pickup,65,6,0.16
39,72,2024-04-10,7,16.02,1.25,Cash,In-store Pickup,83,4,0.18
40,1,2024-08-29,3,13.18,7.13,Credit Card,Home Delivery,12,6,0.12
40,1,2024-08-29,3,13.18,7.13,Credit Card,Home Delivery,55,10,0.2
41,69,2024-10-06,9,11.07,11.28,Debit Card,Home Delivery,77,1,0.1
41,69,2024-10-06,9,11.07,11.28,Debit Card,Home Delivery,93,8,0.23
42,63,2024-02-08,12,11.38,1.95,Debit Card,In-store Pickup,49,2,0.06
42,63,2024-02-08,12,11.38,1.95,Debit Card,In-store Pickup,55,8,0.16
42,63,2024-02-08,12,11.38,1.95,Debit Card,In-store Pickup,82,8,0.12
42,63,2024-02-08,12,11.38,1.95,Debit Card,In-store Pickup,48,7,0.27
42,63,2024-02-08,12,11.38,1.95,Debit Card,In-store Pickup,25,4,0.17
43,100,2024-05-23,11,19.99,1.85,Cash,In-store Pickup,1,6,0.01
43,100,2024-05-23,11,19.99,1.85,Cash,In-store Pickup,43,2,0.23
43,100,2024-05-23,11,19.99,1.85,Cash,In-store Pickup,92,3,0.03
44,54,2024-08-20,13,11.26,4.96,PayPal,In-store Pickup,45,6,0.04
45,44,2024-09-16,6,7.79,11.85,PayPal,In-store Pickup,30,3,0.01
45,44,2024-09-16,6,7.79,11.85,PayPal,In-store Pickup,46,2,0.05
45,44,2024-09-16,6,7.79,11.85,PayPal,In-store Pickup,71,2,0.01
45,44,2024-09-16,6,7.79,11.85,PayPal,In-store Pickup,14,8,0.09
45,44,2024-09-16,6,7.79,11.85,PayPal,In-store Pickup,85,9,0.15
46,5,2024-03-08,6,11.43,7.29,Debit Card,In-store Pickup,54,7,0.22
46,5,2024-03-08,6,11.43,7.29,Debit Card,In-store Pickup,40,7,0.03
46,5,2024-03-08,6,11.43,7.29,Debit Card,In-store Pickup,43,9,0.2
47,88,2024-06-28,11,9.06,5.28,Credit Card,Home Delivery,47,5,0.21
48,62,2024-07-12,8,10.31,11.95,PayPal,In-store Pickup,62,4,0.23
48,62,2024-07-12,8,10.31,11.95,PayPal,In-store Pickup,95,2,0.29
49,44,2024-02-01,4,19.98,14.78,Debit Card,Home Delivery,12,2,0.2
50,99,2024-03-03,6,16.94,4.86,Cash,In-store Pickup,85,8,0.21
50,99,2024-03-03,6,16.94,4.86,Cash,In-store Pickup,68,5,0.04
50,99,2024-03-03,6,16.94,4.86,Cash,In-store Pickup,25,5,0.05
50,99,2024-03-03,6,16.94,4.86,Cash,In-store Pickup,75,6,0.11
50,99,2024-03-03,6,16.94,4.86,Cash,In-store Pickup,83,7,0.17
51,91,2024-07-25,15,18.14,14.8,Cash,Home Delivery,69,5,0.1
51,91,2024-07-25,15,18.14,14.8,Cash,Home Delivery,50,5,0.09
51,91,2024-07-25,15,18.14,14.8,Cash,Home Delivery,34,7,0.08
51,91,2024-07-25,15,18.14,14.8,Cash,Home Delivery,74,1,0.03
52,99,2024-04-20,6,10.9,13.69,PayPal,Home Delivery,19,4,0.03
52,99,2024-04-20,6,10.9,13.69,PayPal,Home Delivery,21,6,0.01
52,99,2024-04-20,6,10.9,13.69,PayPal,Home Delivery,51,5,0.01
52,99,2024-04-20,6,10.9,13.69,PayPal,Home Delivery,41,10,0.09
52,99,2024-04-20,6,10.9,13.69,PayPal,Home Delivery,25,1,0.01
53,75,2024-04-21,14,11.59,6.22,PayPal,Home Delivery,99,7,0.21
53,75,2024-04-21,14,11.59,6.22,PayPal,Home Delivery,81,7,0.14
54,86,2024-10-27,9,11.54,5.16,Credit Card,In-store Pickup,4,5,0.05
54,86,2024-10-27,9,11.54,5.16,Credit Card,In-store Pickup,15,7,0.13
54,86,2024-10-27,9,11.54,5.16,Credit Card,In-store Pickup,83,2,0.3
55,28,2024-08-03,10,18.44,7.91,PayPal,Home Delivery,75,6,0.15
56,6,2024-05-27,7,12.48,11.62,Cash,Home Delivery,81,9,0.15
56,6,2024-05-27,7,12.48,11.62,Cash,Home Delivery,26,2,0.24
56,6,2024-05-27,7,12.48,11.62,Cash,Home Delivery,100,4,0.15
57,10,2024-05-25,8,12.58,6.5,Debit Card,Home Delivery,43,8,0.13
57,10,2024-05-25,8,12.58,6.5,Debit Card,Home Delivery,95,5,0.19
58,34,2024-03-14,8,6.19,3.95,Cash,In-store Pickup,6,4,0.05
58,34,2024-03-14,8,6.19,3.95,Cash,In-store Pickup,88,8,0.24
58,34,2024-03-14,8,6.19,3.95,Cash,In-store Pickup,4,1,0.16
58,34,2024-03-14,8,6.19,3.95,Cash,In-store Pickup,71,2,0.3
58,34,2024-03-14,8,6.19,3.95,Cash,In-store Pickup,15,3,0.12
59,18,2024-07-27,5,7.84,1.82,Credit Card,In-store Pickup,13,10,0.29
60,50,2024-10-11,16,9.94,7.42,Credit Card,Home Delivery,63,1,0.02
60,50,2024-10-11,16,9.94,7.42,Credit Card,Home Delivery,72,8,0.13
60,50,2024-10-11,16,9.94,7.42,Credit Card,Home Delivery,4,6,0.16
61,78,2024-02-22,5,13.89,7.39,Credit Card,Home Delivery,34,2,0.23
61,78,2024-02-22,5,13.89,7.39,Credit Card,Home Delivery,75,10,0.03
61,78,2024-02-22,5,13.89,7.39,Credit Card,Home Delivery,33,4,0.13
61,78,2024-02-22,5,13.89,7.39,Credit Card,Home Delivery,91,6,0.05
61,78,2024-02-22,5,13.89,7.39,Credit Card,Home Delivery,15,9,0.02
62,63,2024-07-30,6,8.38,13.05,Credit Card,Home Delivery,15,5,0.03
62,63,2024-07-30,6,8.38,13.05,Credit Card,Home Delivery,1,9,0.12
62,63,2024-07-30,6,8.38,13.05,Credit Card,Home Delivery,99,2,0.24
62,63,2024-07-30,6,8.38,13.05,Credit Card,Home Delivery,76,4,0.12
62,63,2024-07-30,6,8.38,13.05,Credit Card,Home Delivery,57,8,0.12
63,97,2024-06-15,17,11.86,6.27,Cash,In-store Pickup,51,4,0.2
63,97,2024-06-15,17,11.86,6.27,Cash,In-store Pickup,36,4,0.21
63,97,2024-06-15,17,11.86,6.27,Cash,In-store Pickup,44,7,0.25
63,97,2024-06-15,17,11.86,6.27,Cash,In-store Pickup,70,7,0.08
64,21,2024-03-16,19,8.38,1.29,Credit Card,Home Delivery,45,1,0.17
65,87,2024-07-01,13,18.04,13.96,PayPal,In-store Pickup,29,8,0.08
65,87,2024-07-01,13,18.04,13.96,PayPal,In-store Pickup,23,4,0.26
65,87,2024-07-01,13,18.04,13.96,PayPal,In-store Pickup,13,4,0.19
65,87,2024-07-01,13,18.04,13.96,PayPal,In-store Pickup,15,3,0.23
66,36,2024-04-10,11,10.07,9.05,Debit Card,Home Delivery,86,1,0.23
66,36,2024-04-10,11,10.07,9.05,Debit Card,Home Delivery,10,10,0.09
67,19,2024-11-02,20,9.71,10.6,Debit Card,Home Delivery,44,4,0.0
67,19,2024-11-02,20,9.71,10.6,Debit Card,Home Delivery,52,1,0.2
67,19,2024-11-02,20,9.71,10.6,Debit Card,Home Delivery,32,8,0.24
68,67,2024-06-29,3,17.09,10.59,Credit Card,Home Delivery,62,2,0.08
68,67,2024-06-29,3,17.09,10.59,Credit Card,Home Delivery,45,7,0.26
68,67,2024-06-29,3,17.09,10.59,Credit Card,Home Delivery,10,4,0.18
68,67,2024-06-29,3,17.09,10.59,Credit Card,Home Delivery,65,9,0.01
69,5,2024-09-22,8,14.33,1.96,Credit Card,Home Delivery,5,2,0.11
69,5,2024-09-22,8,14.33,1.96,Credit Card,Home Delivery,75,5,0.29
69,5,2024-09-22,8,14.33,1.96,Credit Card,Home Delivery,9,2,0.27
69,5,2024-09-22,8,14.33,1.96,Credit Card,Home Delivery,14,6,0.27
70,57,2024-06-01,2,11.71,14.37,Cash,Home Delivery,63,3,0.05
70,57,2024-06-01,2,11.71,14.37,Cash,Home Delivery,80,10,0.23
70,57,2024-06-01,2,11.71,14.37,Cash,Home Delivery,65,8,0.13
70,57,2024-06-01,2,11.71,14.37,Cash,Home Delivery,43,7,0.0
70,57,2024-06-01,2,11.71,14.37,Cash,Home Delivery,31,9,0.09
71,82,2024-06-26,15,19.21,6.26,Cash,In-store Pickup,14,2,0.14
71,82,2024-06-26,15,19.21,6.26,Cash,In-store Pickup,46,7,0.1
71,82,2024-06-26,15,19.21,6.26,Cash,In-store Pickup,32,6,0.17
71,82,2024-06-26,15,19.21,6.26,Cash,In-store Pickup,92,10,0.01
72,45,2024-01-12,7,17.3,9.76,Debit Card,Home Delivery,26,5,0.3
72,45,2024-01-12,7,17.3,9.76,Debit Card,Home Delivery,19,9,0.1
72,45,2024-01-12,7,17.3,9.76,Debit Card,Home Delivery,2,3,0.14
73,7,2024-01-17,11,10.21,6.94,Credit Card,In-store Pickup,36,2,0.12
73,7,2024-01-17,11,10.21,6.94,Credit Card,In-store Pickup,42,8,0.06
73,7,2024-01-17,11,10.21,6.94,Credit Card,In-store Pickup,40,7,0.07
73,7,2024-01-17,11,10.21,6.94,Credit Card,In-store Pickup,12,2,0.22
73,7,2024-01-17,11,10.21,6.94,Credit Card,In-store Pickup,32,8,0.21
74,31,2024-09-02,14,17.53,10.82,Credit Card,In-store Pickup,36,6,0.02
74,31,2024-09-02,14,17.53,10.82,Credit Card,In-store Pickup,62,4,0.18
74,31,2024-09-02,14,17.53,10.82,Credit Card,In-store Pickup,47,9,0.18
75,29,2024-04-05,11,12.72,10.08,PayPal,Home Delivery,83,10,0.1
76,50,2024-05-14,2,7.05,7.39,PayPal,Home Delivery,26,8,0.11
76,50,2024-05-14,2,7.05,7.39,PayPal,Home Delivery,93,2,0.06
76,50,2024-05-14,2,7.05,7.39,PayPal,Home Delivery,83,9,0.15
76,50,2024-05-14,2,7.05,7.39,PayPal,Home Delivery,23,5,0.02
76,50,2024-05-14,2,7.05,7.39,PayPal,Home Delivery,72,2,0.12
77,53,2024-08-01,10,7.72,7.06,Debit Card,Home Delivery,25,6,0.2
77,53,2024-08-01,10,7.72,7.06,Debit Card,Home Delivery,72,3,0.21
77,53,2024-08-01,10,7.72,7.06,Debit Card,Home Delivery,41,4,0.13
77,53,2024-08-01,10,7.72,7.06,Debit Card,Home Delivery,31,5,0.01
77,53,2024-08-01,10,7.72,7.06,Debit Card,Home Delivery,1,1,0.07
78,42,2024-10-09,5,8.01,12.16,PayPal,In-store Pickup,13,7,0.13
78,42,2024-10-09,5,8.01,12.16,PayPal,In-store Pickup,67,4,0.03
79,86,2024-08-14,12,15.1,2.55,Debit Card,In-store Pickup,64,9,0.23
79,86,2024-08-14,12,15.1,2.55,Debit Card,In-store Pickup,19,9,0.27
79,86,2024-08-14,12,15.1,2.55,Debit Card,In-store Pickup,98,5,0.03
79,86,2024-08-14,12,15.1,2.55,Debit Card,In-store Pickup,60,10,0.01
79,86,2024-08-14,12,15.1,2.55,Debit Card,In-store Pickup,69,5,0.11
80,93,2024-08-26,12,8.74,12.97,Cash,In-store Pickup,12,5,0.15
81,70,2024-06-18,8,16.52,1.69,Cash,In-store Pickup,19,1,0.26
81,70,2024-06-18,8,16.52,1.69,Cash,In-store Pickup,7,7,0.26
81,70,2024-06-18,8,16.52,1.69,Cash,In-store Pickup,18,7,0.02
81,70,2024-06-18,8,16.52,1.69,Cash,In-store Pickup,23,3,0.3
81,70,2024-06-18,8,16.52,1.69,Cash,In-store Pickup,79,2,0.26
82,10,2024-10-28,16,17.39,13.51,Debit Card,In-store Pickup,36,2,0.2
83,66,2024-05-31,2,9.16,13.17,PayPal,Home Delivery,50,1,0.16
83,66,2024-05-31,2,9.16,13.17,PayPal,Home Delivery,67,8,0.08
83,66,2024-05-31,2,9.16,13.17,PayPal,Home Delivery,33,3,0.15
83,66,2024-05-31,2,9.16,13.17,PayPal,Home Delivery,96,10,0.21
83,66,2024-05-31,2,9.16,13.17,PayPal,Home Delivery,16,6,0.27
84,44,2024-01-03,13,11.01,11.07,PayPal,In-store Pickup,20,6,0.19
84,44,2024-01-03,13,11.01,11.07,PayPal,In-store Pickup,59,3,0.22
84,44,2024-01-03,13,11.01,11.07,PayPal,In-store Pickup,88,3,0.23
85,34,2024-05-21,16,19.61,8.77,PayPal,In-store Pickup,5,5,0.03
85,34,2024-05-21,16,19.61,8.77,PayPal,In-store Pickup,54,1,0.08
85,34,2024-05-21,16,19.61,8.77,PayPal,In-store Pickup,31,8,0.11
85,34,2024-05-21,16,19.61,8.77,PayPal,In-store Pickup,63,4,0.05
85,34,2024-05-21,16,19.61,8.77,PayPal,In-store Pickup,83,2,0.23
86,27,2024-06-05,8,12.13,3.96,PayPal,In-store Pickup,77,5,0.06
87,18,2024-07-17,17,12.16,11.93,Debit Card,Home Delivery,64,1,0.24
87,18,2024-07-17,17,12.16,11.93,Debit Card,Home Delivery,79,8,0.08
88,100,2024-07-12,10,9.48,2.68,Debit Card,Home Delivery,48,8,0.02
89,48,2024-02-28,18,8.3,1.08,Credit Card,In-store Pickup,29,3,0.2
89,48,2024-02-28,18,8.3,1.08,Credit Card,In-store Pickup,69,10,0.22
89,48,2024-02-28,18,8.3,1.08,Credit Card,In-store Pickup,96,9,0.2
89,48,2024-02-28,18,8.3,1.08,Credit Card,In-store Pickup,40,3,0.05
89,48,2024-02-28,18,8.3,1.08,Credit Card,In-store Pickup,13,1,0.17
90,71,2024-01-28,4,10.31,14.19,Cash,Home Delivery,1,7,0.13
90,71,2024-01-28,4,10.31,14.19,Cash,Home Delivery,12,2,0.05
91,15,2024-05-26,6,11.89,9.76,Debit Card,In-store Pickup,94,1,0.02
91,15,2024-05-26,6,11.89,9.76,Debit Card,In-store Pickup,93,9,0.01
91,15,2024-05-26,6,11.89,9.76,Debit Card,In-store Pickup,36,7,0.06
91,15,2024-05-26,6,11.89,9.76,Debit Card,In-store Pickup,34,1,0.11
92,25,2024-08-25,9,18.72,2.34,Credit Card,Home Delivery,17,4,0.16
92,25,2024-08-25,9,18.72,2.34,Credit Card,Home Delivery,93,2,0.19
92,25,2024-08-25,9,18.72,2.34,Credit Card,Home Delivery,73,10,0.15
93,2,2024-07-29,15,6.88,9.6,PayPal,In-store Pickup,10,7,0.16
93,2,2024-07-29,15,6.88,9.6,PayPal,In-store Pickup,91,3,0.28
93,2,2024-07-29,15,6.88,9.6,PayPal,In-store Pickup,88,7,0.09
93,2,2024-07-29,15,6.88,9.6,PayPal,In-store Pickup,72,3,0.17
93,2,2024-07-29,15,6.88,9.6,PayPal,In-store Pickup,24,5,0.22
94,39,2024-02-10,2,9.7,5.5,PayPal,In-store Pickup,97,2,0.19
94,39,2024-02-10,2,9.7,5.5,PayPal,In-store Pickup,89,2,0.15
95,63,2024-03-08,2,18.92,1.62,Cash,Home Delivery,81,10,0.21
95,63,2024-03-08,2,18.92,1.62,Cash,Home Delivery,15,5,0.12
95,63,2024-03-08,2,18.92,1.62,Cash,Home Delivery,65,5,0.22
95,63,2024-03-08,2,18.92,1.62,Cash,Home Delivery,96,1,0.05
96,65,2024-07-18,13,18.32,6.43,Debit Card,Home Delivery,10,2,0.3
96,65,2024-07-18,13,18.32,6.43,Debit Card,Home Delivery,30,8,0.06
96,65,2024-07-18,13,18.32,6.43,Debit Card,Home Delivery,72,6,0.06
96,65,2024-07-18,13,18.32,6.43,Debit Card,Home Delivery,39,8,0.27
97,51,2024-01-11,4,16.37,13.3,PayPal,In-store Pickup,52,6,0.08
97,51,2024-01-11,4,16.37,13.3,PayPal,In-store Pickup,40,7,0.14
97,51,2024-01-11,4,16.37,13.3,PayPal,In-store Pickup,1,5,0.09
97,51,2024-01-11,4,16.37,13.3,PayPal,In-store Pickup,22,8,0.09
97,51,2024-01-11,4,16.37,13.3,PayPal,In-store Pickup,57,1,0.03
98,54,2024-03-08,19,13.44,3.98,Cash,Home Delivery,9,3,0.12
98,54,2024-03-08,19,13.44,3.98,Cash,Home Delivery,70,6,0.11
98,54,2024-03-08,19,13.44,3.98,Cash,Home Delivery,31,1,0.03
99,57,2024-10-12,14,5.19,14.02,Cash,Home Delivery,37,3,0.04
100,16,2024-08-31,19,19.96,10.58,Debit Card,Home Delivery,84,2,0.26
100,16,2024-08-31,19,19.96,10.58,Debit Card,Home Delivery,82,6,0.08
100,16,2024-08-31,19,19.96,10.58,Debit Card,Home Delivery,74,5,0.17
100,16,2024-08-31,19,19.96,10.58,Debit Card,Home Delivery,69,8,0.07
100,16,2024-08-31,19,19.96,10.58,Debit Card,Home Delivery,46,5,0.3
101,67,2024-09-07,18,11.83,14.36,PayPal,In-store Pickup,87,8,0.23
101,67,2024-09-07,18,11.83,14.36,PayPal,In-store Pickup,66,6,0.26
102,71,2024-10-06,11,9.88,13.49,Debit Card,In-store Pickup,26,3,0.26
102,71,2024-10-06,11,9.88,13.49,Debit Card,In-store Pickup,3,4,0.12
103,48,2024-03-18,2,19.55,2.79,Cash,In-store Pickup,41,9,0.27
103,48,2024-03-18,2,19.55,2.79,Cash,In-store Pickup,32,6,0.3
104,36,2024-09-24,4,7.66,2.14,Credit Card,In-store Pickup,46,1,0.25
105,68,2024-01-28,9,11.27,13.25,Debit Card,In-store Pickup,41,6,0.07
106,24,2024-01-15,9,15.84,9.67,Credit Card,Home Delivery,95,1,0.19
106,24,2024-01-15,9,15.84,9.67,Credit Card,Home Delivery,55,7,0.27
106,24,2024-01-15,9,15.84,9.67,Credit Card,Home Delivery,28,5,0.19
106,24,2024-01-15,9,15.84,9.67,Credit Card,Home Delivery,85,5,0.02
107,58,2024-03-23,6,5.7,5.51,PayPal,Home Delivery,3,3,0.03
107,58,2024-03-23,6,5.7,5.51,PayPal,Home Delivery,79,4,0.14
107,58,2024-03-23,6,5.7,5.51,PayPal,Home Delivery,48,5,0.16
108,76,2024-11-01,17,18.28,4.2,Cash,Home Delivery,32,5,0.24
108,76,2024-11-01,17,18.28,4.2,Cash,Home Delivery,7,7,0.08
109,16,2024-07-08,18,17.65,6.83,Debit Card,Home Delivery,13,3,0.27
109,16,2024-07-08,18,17.65,6.83,Debit Card,Home Delivery,98,6,0.28
109,16,2024-07-08,18,17.65,6.83,Debit Card,Home Delivery,10,7,0.25
109,16,2024-07-08,18,17.65,6.83,Debit Card,Home Delivery,88,1,0.15
110,33,2024-11-01,8,8.98,12.08,Debit Card,Home Delivery,67,7,0.05
110,33,2024-11-01,8,8.98,12.08,Debit Card,Home Delivery,18,1,0.09
111,57,2024-06-02,18,9.76,8.03,Credit Card,In-store Pickup,80,10,0.24
111,57,2024-06-02,18,9.76,8.03,Credit Card,In-store Pickup,46,5,0.2
111,57,2024-06-02,18,9.76,8.03,Credit Card,In-store Pickup,29,2,0.18
111,57,2024-06-02,18,9.76,8.03,Credit Card,In-store Pickup,80,6,0.22
112,19,2024-07-19,13,15.86,5.69,Credit Card,Home Delivery,26,4,0.12
112,19,2024-07-19,13,15.86,5.69,Credit Card,Home Delivery,34,5,0.1
112,19,2024-07-19,13,15.86,5.69,Credit Card,Home Delivery,35,7,0.28
112,19,2024-07-19,13,15.86,5.69,Credit Card,Home Delivery,53,5,0.24
112,19,2024-07-19,13,15.86,5.69,Credit Card,Home Delivery,45,1,0.12
113,45,2024-02-11,15,8.87,1.74,PayPal,In-store Pickup,9,4,0.07
114,44,2024-09-28,19,16.81,10.29,Debit Card,In-store Pickup,43,10,0.19
114,44,2024-09-28,19,16.81,10.29,Debit Card,In-store Pickup,16,2,0.26
114,44,2024-09-28,19,16.81,10.29,Debit Card,In-store Pickup,99,5,0.21
114,44,2024-09-28,19,16.81,10.29,Debit Card,In-store Pickup,30,10,0.05
115,31,2024-05-09,8,10.82,11.73,Debit Card,Home Delivery,33,3,0.01
116,61,2024-03-12,11,18.98,3.48,Debit Card,In-store Pickup,53,10,0.11
116,61,2024-03-12,11,18.98,3.48,Debit Card,In-store Pickup,63,5,0.02
116,61,2024-03-12,11,18.98,3.48,Debit Card,In-store Pickup,2,9,0.08
116,61,2024-03-12,11,18.98,3.48,Debit Card,In-store Pickup,19,7,0.21
116,61,2024-03-12,11,18.98,3.48,Debit Card,In-store Pickup,74,5,0.24
117,25,2024-06-12,3,7.0,3.53,Cash,In-store Pickup,49,9,0.23
118,27,2024-03-14,19,11.06,8.72,PayPal,Home Delivery,98,1,0.27
118,27,2024-03-14,19,11.06,8.72,PayPal,Home Delivery,96,5,0.24
118,27,2024-03-14,19,11.06,8.72,PayPal,Home Delivery,96,2,0.21
119,68,2024-08-06,10,5.87,8.96,Credit Card,Home Delivery,5,1,0.02
119,68,2024-08-06,10,5.87,8.96,Credit Card,Home Delivery,17,9,0.28
120,14,2024-07-22,16,7.3,3.82,PayPal,Home Delivery,29,8,0.07
120,14,2024-07-22,16,7.3,3.82,PayPal,Home Delivery,8,3,0.07
120,14,2024-07-22,16,7.3,3.82,PayPal,Home Delivery,47,8,0.12
121,97,2024-02-18,15,7.3,13.87,Credit Card,In-store Pickup,21,9,0.07
122,14,2024-09-11,1,17.69,13.83,Cash,In-store Pickup,78,6,0.25
122,14,2024-09-11,1,17.69,13.83,Cash,In-store Pickup,20,5,0.12
122,14,2024-09-11,1,17.69,13.83,Cash,In-store Pickup,9,2,0.25
122,14,2024-09-11,1,17.69,13.83,Cash,In-store Pickup,87,6,0.03
122,14,2024-09-11,1,17.69,13.83,Cash,In-store Pickup,34,1,0.23
123,21,2024-01-24,8,19.67,9.26,Cash,Home Delivery,72,2,0.21
123,21,2024-01-24,8,19.67,9.26,Cash,Home Delivery,66,3,0.09
123,21,2024-01-24,8,19.67,9.26,Cash,Home Delivery,67,9,0.1
123,21,2024-01-24,8,19.67,9.26,Cash,Home Delivery,71,6,0.22
124,85,2024-10-03,20,7.15,2.29,PayPal,In-store Pickup,3,5,0.09
124,85,2024-10-03,20,7.15,2.29,PayPal,In-store Pickup,61,1,0.16
124,85,2024-10-03,20,7.15,2.29,PayPal,In-store Pickup,63,6,0.17
125,88,2024-08-09,11,13.0,5.62,Debit Card,In-store Pickup,93,8,0.24
125,88,2024-08-09,11,13.0,5.62,Debit Card,In-store Pickup,84,7,0.09
125,88,2024-08-09,11,13.0,5.62,Debit Card,In-store Pickup,86,10,0.3
125,88,2024-08-09,11,13.0,5.62,Debit Card,In-store Pickup,50,4,0.11
125,88,2024-08-09,11,13.0,5.62,Debit Card,In-store Pickup,52,10,0.24
126,95,2024-07-07,2,19.19,7.45,Cash,In-store Pickup,52,8,0.16
127,26,2024-10-12,14,5.11,14.1,Debit Card,In-store Pickup,30,1,0.07
127,26,2024-10-12,14,5.11,14.1,Debit Card,In-store Pickup,33,8,0.05
127,26,2024-10-12,14,5.11,14.1,Debit Card,In-store Pickup,27,6,0.17
127,26,2024-10-12,14,5.11,14.1,Debit Card,In-store Pickup,98,6,0.16
128,9,2024-03-27,5,11.8,1.76,Cash,In-store Pickup,71,5,0.04
128,9,2024-03-27,5,11.8,1.76,Cash,In-store Pickup,52,3,0.09
128,9,2024-03-27,5,11.8,1.76,Cash,In-store Pickup,1,5,0.03
128,9,2024-03-27,5,11.8,1.76,Cash,In-store Pickup,40,7,0.19
129,14,2024-08-24,9,11.75,14.98,Credit Card,In-store Pickup,68,9,0.1
129,14,2024-08-24,9,11.75,14.98,Credit Card,In-store Pickup,91,2,0.19
129,14,2024-08-24,9,11.75,14.98,Credit Card,In-store Pickup,80,10,0.24
130,38,2024-08-12,5,9.64,1.77,Debit Card,In-store Pickup,81,5,0.19
130,38,2024-08-12,5,9.64,1.77,Debit Card,In-store Pickup,84,10,0.26
131,58,2024-05-15,5,13.4,2.58,PayPal,In-store Pickup,21,9,0.2
131,58,2024-05-15,5,13.4,2.58,PayPal,In-store Pickup,26,6,0.16
131,58,2024-05-15,5,13.4,2.58,PayPal,In-store Pickup,69,1,0.01
131,58,2024-05-15,5,13.4,2.58,PayPal,In-store Pickup,72,9,0.08
132,33,2024-05-18,1,11.38,10.19,PayPal,Home Delivery,5,6,0.2
132,33,2024-05-18,1,11.38,10.19,PayPal,Home Delivery,75,2,0.26
132,33,2024-05-18,1,11.38,10.19,PayPal,Home Delivery,14,3,0.09
133,25,2024-07-18,3,13.5,9.9,PayPal,In-store Pickup,3,1,0.13
133,25,2024-07-18,3,13.5,9.9,PayPal,In-store Pickup,12,9,0.21
133,25,2024-07-18,3,13.5,9.9,PayPal,In-store Pickup,11,8,0.18
133,25,2024-07-18,3,13.5,9.9,PayPal,In-store Pickup,34,4,0.2
133,25,2024-07-18,3,13.5,9.9,PayPal,In-store Pickup,67,8,0.26
134,71,2024-03-08,2,5.69,12.34,Credit Card,In-store Pickup,61,4,0.1
134,71,2024-03-08,2,5.69,12.34,Credit Card,In-store Pickup,74,7,0.04
135,16,2024-09-11,2,17.99,6.23,PayPal,In-store Pickup,34,2,0.11
135,16,2024-09-11,2,17.99,6.23,PayPal,In-store Pickup,53,10,0.01
135,16,2024-09-11,2,17.99,6.23,PayPal,In-store Pickup,57,7,0.3
135,16,2024-09-11,2,17.99,6.23,PayPal,In-store Pickup,73,7,0.29
136,54,2024-09-21,1,12.54,5.14,Debit Card,In-store Pickup,39,2,0.0
136,54,2024-09-21,1,12.54,5.14,Debit Card,In-store Pickup,74,1,0.02
136,54,2024-09-21,1,12.54,5.14,Debit Card,In-store Pickup,90,10,0.08
136,54,2024-09-21,1,12.54,5.14,Debit Card,In-store Pickup,70,6,0.22
137,24,2024-02-25,6,16.59,5.61,Debit Card,Home Delivery,21,1,0.22
137,24,2024-02-25,6,16.59,5.61,Debit Card,Home Delivery,76,7,0.1
137,24,2024-02-25,6,16.59,5.61,Debit Card,Home Delivery,49,7,0.13
138,56,2024-06-05,7,17.66,10.44,Debit Card,In-store Pickup,42,1,0.24
139,91,2024-05-30,12,5.55,14.52,Debit Card,In-store Pickup,64,10,0.26
139,91,2024-05-30,12,5.55,14.52,Debit Card,In-store Pickup,41,7,0.2
139,91,2024-05-30,12,5.55,14.52,Debit Card,In-store Pickup,69,9,0.15
139,91,2024-05-30,12,5.55,14.52,Debit Card,In-store Pickup,76,7,0.02
139,91,2024-05-30,12,5.55,14.52,Debit Card,In-store Pickup,75,7,0.04
140,41,2024-05-04,2,17.37,2.08,Credit Card,Home Delivery,11,10,0.27
140,41,2024-05-04,2,17.37,2.08,Credit Card,Home Delivery,61,2,0.14
140,41,2024-05-04,2,17.37,2.08,Credit Card,Home Delivery,100,3,0.24
140,41,2024-05-04,2,17.37,2.08,Credit Card,Home Delivery,39,9,0.06
141,40,2024-08-27,8,16.88,5.15,Credit Card,Home Delivery,20,2,0.24
141,40,2024-08-27,8,16.88,5.15,Credit Card,Home Delivery,90,8,0.24
141,40,2024-08-27,8,16.88,5.15,Credit Card,Home Delivery,64,4,0.17
142,86,2024-08-11,3,11.25,5.82,Credit Card,Home Delivery,29,2,0.0
142,86,2024-08-11,3,11.25,5.82,Credit Card,Home Delivery,55,2,0.17
142,86,2024-08-11,3,11.25,5.82,Credit Card,Home Delivery,41,6,0.25
142,86,2024-08-11,3,11.25,5.82,Credit Card,Home Delivery,85,2,0.19
142,86,2024-08-11,3,11.25,5.82,Credit Card,Home Delivery,37,7,0.3
143,97,2024-10-02,17,16.02,13.03,Credit Card,In-store Pickup,25,3,0.24
143,97,2024-10-02,17,16.02,13.03,Credit Card,In-store Pickup,45,8,0.14
143,97,2024-10-02,17,16.02,13.03,Credit Card,In-store Pickup,23,3,0.12
144,92,2024-08-28,3,8.08,10.22,Cash,In-store Pickup,69,7,0.15
144,92,2024-08-28,3,8.08,10.22,Cash,In-store Pickup,78,3,0.24
145,4,2024-05-24,5,9.75,3.98,Credit Card,In-store Pickup,54,7,0.06
145,4,2024-05-24,5,9.75,3.98,Credit Card,In-store Pickup,59,6,0.19
146,97,2024-03-11,1,10.06,12.48,Debit Card,In-store Pickup,4,9,0.23
147,11,2024-09-01,19,8.51,2.58,Credit Card,Home Delivery,75,3,0.25
148,25,2024-07-03,4,7.18,13.94,Cash,In-store Pickup,34,3,0.29
148,25,2024-07-03,4,7.18,13.94,Cash,In-store Pickup,95,8,0.29
149,78,2024-01-10,12,10.38,3.88,Credit Card,Home Delivery,83,9,0.2
149,78,2024-01-10,12,10.38,3.88,Credit Card,Home Delivery,92,7,0.05
149,78,2024-01-10,12,10.38,3.88,Credit Card,Home Delivery,82,10,0.29
150,43,2024-05-20,19,8.01,6.93,Credit Card,In-store Pickup,95,8,0.15
150,43,2024-05-20,19,8.01,6.93,Credit Card,In-store Pickup,73,9,0.19
150,43,2024-05-20,19,8.01,6.93,Credit Card,In-store Pickup,98,10,0.07
151,91,2024-03-25,10,8.68,8.61,PayPal,In-store Pickup,96,10,0.13
151,91,2024-03-25,10,8.68,8.61,PayPal,In-store Pickup,39,4,0.12
151,91,2024-03-25,10,8.68,8.61,PayPal,In-store Pickup,99,5,0.27
151,91,2024-03-25,10,8.68,8.61,PayPal,In-store Pickup,85,4,0.06
151,91,2024-03-25,10,8.68,8.61,PayPal,In-store Pickup,31,2,0.24
152,71,2024-06-28,19,5.47,12.89,Debit Card,In-store Pickup,29,4,0.15
152,71,2024-06-28,19,5.47,12.89,Debit Card,In-store Pickup,59,9,0.11
152,71,2024-06-28,19,5.47,12.89,Debit Card,In-store Pickup,75,8,0.22
153,63,2024-01-03,5,11.52,2.79,Debit Card,In-store Pickup,88,9,0.03
154,13,2024-09-16,10,17.2,14.06,Cash,Home Delivery,33,6,0.07
154,13,2024-09-16,10,17.2,14.06,Cash,Home Delivery,24,9,0.18
155,28,2024-05-05,16,13.41,13.9,Credit Card,Home Delivery,3,2,0.01
156,69,2024-03-15,5,7.96,14.84,PayPal,Home Delivery,22,2,0.18
157,64,2024-01-02,10,14.17,13.7,Cash,Home Delivery,17,5,0.04
157,64,2024-01-02,10,14.17,13.7,Cash,Home Delivery,91,2,0.14
157,64,2024-01-02,10,14.17,13.7,Cash,Home Delivery,96,3,0.06
157,64,2024-01-02,10,14.17,13.7,Cash,Home Delivery,30,8,0.06
157,64,2024-01-02,10,14.17,13.7,Cash,Home Delivery,68,1,0.15
158,8,2024-04-29,18,18.31,6.91,Credit Card,In-store Pickup,93,2,0.24
158,8,2024-04-29,18,18.31,6.91,Credit Card,In-store Pickup,52,1,0.15
158,8,2024-04-29,18,18.31,6.91,Credit Card,In-store Pickup,90,7,0.08
159,75,2024-07-23,4,16.69,6.8,Credit Card,Home Delivery,11,6,0.3
159,75,2024-07-23,4,16.69,6.8,Credit Card,Home Delivery,31,9,0.27
159,75,2024-07-23,4,16.69,6.8,Credit Card,Home Delivery,94,7,0.16
159,75,2024-07-23,4,16.69,6.8,Credit Card,Home Delivery,21,2,0.16
160,57,2024-04-03,19,10.6,11.21,Debit Card,In-store Pickup,55,5,0.22
160,57,2024-04-03,19,10.6,11.21,Debit Card,In-store Pickup,24,2,0.16
160,57,2024-04-03,19,10.6,11.21,Debit Card,In-store Pickup,14,3,0.13
161,1,2024-11-04,2,17.28,3.43,PayPal,In-store Pickup,37,8,0.09
161,1,2024-11-04,2,17.28,3.43,PayPal,In-store Pickup,90,1,0.18
161,1,2024-11-04,2,17.28,3.43,PayPal,In-store Pickup,74,2,0.24
162,46,2024-06-13,2,5.55,6.89,Cash,In-store Pickup,89,5,0.16
162,46,2024-06-13,2,5.55,6.89,Cash,In-store Pickup,93,6,0.14
162,46,2024-06-13,2,5.55,6.89,Cash,In-store Pickup,62,9,0.17
162,46,2024-06-13,2,5.55,6.89,Cash,In-store Pickup,12,10,0.04
162,46,2024-06-13,2,5.55,6.89,Cash,In-store Pickup,36,2,0.0
163,35,2024-10-23,11,18.56,12.02,Debit Card,Home Delivery,6,6,0.29
163,35,2024-10-23,11,18.56,12.02,Debit Card,Home Delivery,13,3,0.14
163,35,2024-10-23,11,18.56,12.02,Debit Card,Home Delivery,4,8,0.02
164,51,2024-02-15,9,19.95,12.25,PayPal,Home Delivery,27,7,0.19
165,80,2024-06-03,3,15.38,9.82,Credit Card,In-store Pickup,9,10,0.25
166,59,2024-02-22,20,6.27,3.6,Credit Card,In-store Pickup,39,10,0.24
166,59,2024-02-22,20,6.27,3.6,Credit Card,In-store Pickup,43,8,0.28
166,59,2024-02-22,20,6.27,3.6,Credit Card,In-store Pickup,50,1,0.05
167,88,2024-07-09,1,17.17,14.71,PayPal,Home Delivery,68,10,0.2
167,88,2024-07-09,1,17.17,14.71,PayPal,Home Delivery,14,4,0.06
167,88,2024-07-09,1,17.17,14.71,PayPal,Home Delivery,46,2,0.01
168,97,2024-01-31,12,11.9,4.49,PayPal,In-store Pickup,75,10,0.06
168,97,2024-01-31,12,11.9,4.49,PayPal,In-store Pickup,88,10,0.09
168,97,2024-01-31,12,11.9,4.49,PayPal,In-store Pickup,7,10,0.01
168,97,2024-01-31,12,11.9,4.49,PayPal,In-store Pickup,12,1,0.25
169,91,2024-09-04,16,17.96,2.61,PayPal,Home Delivery,5,2,0.28
169,91,2024-09-04,16,17.96,2.61,PayPal,Home Delivery,83,4,0.09
169,91,2024-09-04,16,17.96,2.61,PayPal,Home Delivery,57,4,0.2
169,91,2024-09-04,16,17.96,2.61,PayPal,Home Delivery,43,5,0.26
169,91,2024-09-04,16,17.96,2.61,PayPal,Home Delivery,88,4,0.06
170,90,2024-07-10,16,8.17,8.43,Debit Card,Home Delivery,97,4,0.24
170,90,2024-07-10,16,8.17,8.43,Debit Card,Home Delivery,42,2,0.07
170,90,2024-07-10,16,8.17,8.43,Debit Card,Home Delivery,37,2,0.13
170,90,2024-07-10,16,8.17,8.43,Debit Card,Home Delivery,16,9,0.26
170,90,2024-07-10,16,8.17,8.43,Debit Card,Home Delivery,71,8,0.0
171,30,2024-09-06,3,18.83,7.89,Debit Card,In-store Pickup,95,10,0.01
171,30,2024-09-06,3,18.83,7.89,Debit Card,In-store Pickup,97,9,0.26
171,30,2024-09-06,3,18.83,7.89,Debit Card,In-store Pickup,56,2,0.25
171,30,2024-09-06,3,18.83,7.89,Debit Card,In-store Pickup,85,5,0.12
172,28,2024-07-28,2,17.8,14.97,PayPal,Home Delivery,18,7,0.03
172,28,2024-07-28,2,17.8,14.97,PayPal,Home Delivery,48,1,0.29
173,43,2024-04-01,1,8.12,11.25,Credit Card,In-store Pickup,69,4,0.29
173,43,2024-04-01,1,8.12,11.25,Credit Card,In-store Pickup,33,2,0.11
173,43,2024-04-01,1,8.12,11.25,Credit Card,In-store Pickup,61,2,0.18
173,43,2024-04-01,1,8.12,11.25,Credit Card,In-store Pickup,39,6,0.16
174,6,2024-10-14,19,10.16,7.92,Debit Card,In-store Pickup,24,6,0.13
175,3,2024-01-18,15,14.16,10.64,Debit Card,In-store Pickup,3,7,0.2
176,33,2024-07-12,1,16.54,7.18,Cash,Home Delivery,43,8,0.08
176,33,2024-07-12,1,16.54,7.18,Cash,Home Delivery,7,10,0.27
176,33,2024-07-12,1,16.54,7.18,Cash,Home Delivery,81,7,0.26
176,33,2024-07-12,1,16.54,7.18,Cash,Home Delivery,49,8,0.25
176,33,2024-07-12,1,16.54,7.18,Cash,Home Delivery,62,10,0.1
177,97,2024-03-12,1,16.7,7.49,Cash,Home Delivery,60,8,0.16
177,97,2024-03-12,1,16.7,7.49,Cash,Home Delivery,43,3,0.15
178,78,2024-03-05,12,9.01,8.77,Debit Card,Home Delivery,19,10,0.15
179,89,2024-08-14,6,13.26,5.52,Credit Card,In-store Pickup,82,8,0.05
179,89,2024-08-14,6,13.26,5.52,Credit Card,In-store Pickup,79,7,0.2
180,73,2024-10-20,3,10.98,12.39,Debit Card,Home Delivery,37,2,0.17
180,73,2024-10-20,3,10.98,12.39,Debit Card,Home Delivery,26,5,0.0
181,14,2024-05-30,12,12.59,4.64,PayPal,In-store Pickup,61,5,0.12
182,59,2024-08-12,2,8.86,12.07,Debit Card,In-store Pickup,55,5,0.03
182,59,2024-08-12,2,8.86,12.07,Debit Card,In-store Pickup,33,10,0.24
182,59,2024-08-12,2,8.86,12.07,Debit Card,In-store Pickup,59,5,0.26
183,57,2024-09-16,6,7.01,2.01,Credit Card,Home Delivery,21,8,0.1
183,57,2024-09-16,6,7.01,2.01,Credit Card,Home Delivery,63,5,0.09
183,57,2024-09-16,6,7.01,2.01,Credit Card,Home Delivery,84,3,0.26
183,57,2024-09-16,6,7.01,2.01,Credit Card,Home Delivery,49,3,0.12
184,93,2024-02-21,19,12.76,7.22,Debit Card,In-store Pickup,14,10,0.23
185,33,2024-06-08,10,9.01,4.59,Credit Card,Home Delivery,79,9,0.13
185,33,2024-06-08,10,9.01,4.59,Credit Card,Home Delivery,2,1,0.08
185,33,2024-06-08,10,9.01,4.59,Credit Card,Home Delivery,10,5,0.03
185,33,2024-06-08,10,9.01,4.59,Credit Card,Home Delivery,73,8,0.03
186,31,2024-02-24,19,10.11,10.42,Cash,In-store Pickup,21,9,0.14
186,31,2024-02-24,19,10.11,10.42,Cash,In-store Pickup,59,10,0.26
187,35,2024-04-16,13,13.05,1.08,PayPal,In-store Pickup,20,7,0.05
187,35,2024-04-16,13,13.05,1.08,PayPal,In-store Pickup,97,1,0.11
188,43,2024-02-02,11,19.41,10.55,Cash,Home Delivery,62,4,0.15
188,43,2024-02-02,11,19.41,10.55,Cash,Home Delivery,13,5,0.28
188,43,2024-02-02,11,19.41,10.55,Cash,Home Delivery,70,2,0.22
189,74,2024-02-14,18,16.0,9.2,Credit Card,In-store Pickup,84,4,0.01
189,74,2024-02-14,18,16.0,9.2,Credit Card,In-store Pickup,64,8,0.08
189,74,2024-02-14,18,16.0,9.2,Credit Card,In-store Pickup,43,3,0.16
190,100,2024-07-12,1,5.78,4.37,Credit Card,In-store Pickup,28,8,0.27
190,100,2024-07-12,1,5.78,4.37,Credit Card,In-store Pickup,54,7,0.16
190,100,2024-07-12,1,5.78,4.37,Credit Card,In-store Pickup,43,6,0.26
190,100,2024-07-12,1,5.78,4.37,Credit Card,In-store Pickup,9,3,0.24
191,47,2024-09-08,9,5.08,2.74,Cash,Home Delivery,24,6,0.27
191,47,2024-09-08,9,5.08,2.74,Cash,Home Delivery,44,7,0.09
191,47,2024-09-08,9,5.08,2.74,Cash,Home Delivery,62,6,0.05
191,47,2024-09-08,9,5.08,2.74,Cash,Home Delivery,100,1,0.19
192,64,2024-05-16,6,11.15,3.23,Cash,Home Delivery,90,5,0.26
192,64,2024-05-16,6,11.15,3.23,Cash,Home Delivery,40,8,0.27
192,64,2024-05-16,6,11.15,3.23,Cash,Home Delivery,14,9,0.05
193,49,2024-03-17,19,7.06,11.77,Credit Card,In-store Pickup,41,4,0.13
193,49,2024-03-17,19,7.06,11.77,Credit Card,In-store Pickup,85,6,0.08
193,49,2024-03-17,19,7.06,11.77,Credit Card,In-store Pickup,41,7,0.17
193,49,2024-03-17,19,7.06,11.77,Credit Card,In-store Pickup,45,2,0.09
193,49,2024-03-17,19,7.06,11.77,Credit Card,In-store Pickup,36,9,0.09
194,42,2024-04-18,8,13.35,1.77,Credit Card,In-store Pickup,28,9,0.29
194,42,2024-04-18,8,13.35,1.77,Credit Card,In-store Pickup,35,5,0.22
194,42,2024-04-18,8,13.35,1.77,Credit Card,In-store Pickup,70,6,0.26
194,42,2024-04-18,8,13.35,1.77,Credit Card,In-store Pickup,48,5,0.21
195,7,2024-09-27,15,8.86,10.17,Credit Card,Home Delivery,20,1,0.01
195,7,2024-09-27,15,8.86,10.17,Credit Card,Home Delivery,85,9,0.11
195,7,2024-09-27,15,8.86,10.17,Credit Card,Home Delivery,28,3,0.05
195,7,2024-09-27,15,8.86,10.17,Credit Card,Home Delivery,85,6,0.05
195,7,2024-09-27,15,8.86,10.17,Credit Card,Home Delivery,81,10,0.09
196,70,2024-02-27,9,16.27,9.78,PayPal,Home Delivery,93,1,0.1
196,70,2024-02-27,9,16.27,9.78,PayPal,Home Delivery,93,2,0.08
196,70,2024-02-27,9,16.27,9.78,PayPal,Home Delivery,96,1,0.04
196,70,2024-02-27,9,16.27,9.78,PayPal,Home Delivery,76,10,0.05
197,98,2024-03-31,19,11.05,5.61,Cash,Home Delivery,27,10,0.0
198,93,2024-02-18,12,15.59,13.46,PayPal,Home Delivery,17,5,0.07
199,81,2024-06-23,19,9.33,14.71,Cash,Home Delivery,33,3,0.26
199,81,2024-06-23,19,9.33,14.71,Cash,Home Delivery,55,10,0.1
199,81,2024-06-23,19,9.33,14.71,Cash,Home Delivery,89,6,0.26
199,81,2024-06-23,19,9.33,14.71,Cash,Home Delivery,11,3,0.18
199,81,2024-06-23,19,9.33,14.71,Cash,Home Delivery,23,4,0.18
200,12,2024-06-20,17,14.81,8.5,Debit Card,In-store Pickup,90,6,0.19
200,12,2024-06-20,17,14.81,8.5,Debit Card,In-store Pickup,6,8,0.01
200,12,2024-06-20,17,14.81,8.5,Debit Card,In-store Pickup,31,10,0.23
200,12,2024-06-20,17,14.81,8.5,Debit Card,In-store Pickup,59,9,0.08
201,94,2024-03-10,15,16.66,9.98,PayPal,Home Delivery,79,9,0.18
201,94,2024-03-10,15,16.66,9.98,PayPal,Home Delivery,30,3,0.28
202,44,2024-05-27,16,18.09,5.67,Debit Card,In-store Pickup,75,8,0.07
202,44,2024-05-27,16,18.09,5.67,Debit Card,In-store Pickup,32,1,0.22
202,44,2024-05-27,16,18.09,5.67,Debit Card,In-store Pickup,42,5,0.25
202,44,2024-05-27,16,18.09,5.67,Debit Card,In-store Pickup,29,2,0.18
203,60,2024-09-17,8,10.33,10.66,PayPal,In-store Pickup,96,10,0.02
204,73,2024-06-16,2,13.37,8.66,Cash,In-store Pickup,14,1,0.16
205,25,2024-01-27,19,18.56,10.1,PayPal,In-store Pickup,66,8,0.08
205,25,2024-01-27,19,18.56,10.1,PayPal,In-store Pickup,79,6,0.2
206,27,2024-07-06,15,16.1,11.04,Credit Card,In-store Pickup,92,6,0.07
206,27,2024-07-06,15,16.1,11.04,Credit Card,In-store Pickup,96,9,0.17
206,27,2024-07-06,15,16.1,11.04,Credit Card,In-store Pickup,86,4,0.12
206,27,2024-07-06,15,16.1,11.04,Credit Card,In-store Pickup,55,7,0.1
207,28,2024-10-28,18,9.88,5.66,Credit Card,Home Delivery,35,6,0.14
208,54,2024-01-25,19,13.78,6.25,Cash,Home Delivery,61,8,0.12
209,38,2024-07-09,3,7.85,6.23,Cash,Home Delivery,29,1,0.25
209,38,2024-07-09,3,7.85,6.23,Cash,Home Delivery,79,5,0.02
210,35,2024-06-24,15,18.11,5.55,Debit Card,In-store Pickup,15,10,0.16
210,35,2024-06-24,15,18.11,5.55,Debit Card,In-store Pickup,75,1,0.2
210,35,2024-06-24,15,18.11,5.55,Debit Card,In-store Pickup,74,6,0.02
210,35,2024-06-24,15,18.11,5.55,Debit Card,In-store Pickup,7,10,0.26
211,43,2024-06-26,9,11.76,13.91,Cash,Home Delivery,64,4,0.06
211,43,2024-06-26,9,11.76,13.91,Cash,Home Delivery,17,4,0.16
211,43,2024-06-26,9,11.76,13.91,Cash,Home Delivery,88,5,0.07
211,43,2024-06-26,9,11.76,13.91,Cash,Home Delivery,30,4,0.06
211,43,2024-06-26,9,11.76,13.91,Cash,Home Delivery,75,1,0.15
212,42,2024-10-07,16,19.67,12.54,Cash,In-store Pickup,50,4,0.29
212,42,2024-10-07,16,19.67,12.54,Cash,In-store Pickup,42,10,0.22
212,42,2024-10-07,16,19.67,12.54,Cash,In-store Pickup,74,5,0.14
212,42,2024-10-07,16,19.67,12.54,Cash,In-store Pickup,76,4,0.07
212,42,2024-10-07,16,19.67,12.54,Cash,In-store Pickup,96,2,0.14
213,78,2024-08-09,9,5.8,14.15,PayPal,In-store Pickup,65,7,0.09
213,78,2024-08-09,9,5.8,14.15,PayPal,In-store Pickup,43,5,0.01
213,78,2024-08-09,9,5.8,14.15,PayPal,In-store Pickup,94,1,0.21
213,78,2024-08-09,9,5.8,14.15,PayPal,In-store Pickup,86,10,0.17
214,18,2024-10-06,14,7.69,4.56,Debit Card,Home Delivery,9,9,0.21
214,18,2024-10-06,14,7.69,4.56,Debit Card,Home Delivery,85,9,0.14
215,1,2024-06-05,14,6.1,1.56,Debit Card,In-store Pickup,23,2,0.01
215,1,2024-06-05,14,6.1,1.56,Debit Card,In-store Pickup,70,6,0.3
216,65,2024-11-01,16,9.84,8.86,Credit Card,Home Delivery,70,9,0.14
216,65,2024-11-01,16,9.84,8.86,Credit Card,Home Delivery,92,7,0.17
217,45,2024-09-14,20,12.38,3.89,PayPal,In-store Pickup,73,1,0.23
218,18,2024-05-24,19,17.65,3.43,Cash,In-store Pickup,5,7,0.14
218,18,2024-05-24,19,17.65,3.43,Cash,In-store Pickup,34,2,0.05
219,11,2024-09-15,14,18.44,13.64,Debit Card,In-store Pickup,86,10,0.26
219,11,2024-09-15,14,18.44,13.64,Debit Card,In-store Pickup,13,1,0.01
219,11,2024-09-15,14,18.44,13.64,Debit Card,In-store Pickup,72,8,0.12
219,11,2024-09-15,14,18.44,13.64,Debit Card,In-store Pickup,78,3,0.17
220,46,2024-11-02,3,16.75,11.91,PayPal,In-store Pickup,53,8,0.05
221,99,2024-10-05,3,8.59,2.39,Debit Card,In-store Pickup,52,2,0.23
221,99,2024-10-05,3,8.59,2.39,Debit Card,In-store Pickup,56,10,0.21
222,79,2024-08-23,15,7.09,13.96,PayPal,Home Delivery,1,3,0.17
223,29,2024-02-17,5,15.85,14.39,Cash,In-store Pickup,1,5,0.2
223,29,2024-02-17,5,15.85,14.39,Cash,In-store Pickup,16,1,0.16
223,29,2024-02-17,5,15.85,14.39,Cash,In-store Pickup,31,9,0.22
223,29,2024-02-17,5,15.85,14.39,Cash,In-store Pickup,14,9,0.19
224,82,2024-02-21,17,19.81,14.98,Credit Card,In-store Pickup,39,10,0.05
224,82,2024-02-21,17,19.81,14.98,Credit Card,In-store Pickup,7,6,0.14
224,82,2024-02-21,17,19.81,14.98,Credit Card,In-store Pickup,45,2,0.18
224,82,2024-02-21,17,19.81,14.98,Credit Card,In-store Pickup,12,3,0.03
225,56,2024-03-06,11,6.32,11.73,Debit Card,Home Delivery,64,5,0.16
225,56,2024-03-06,11,6.32,11.73,Debit Card,Home Delivery,76,9,0.29
225,56,2024-03-06,11,6.32,11.73,Debit Card,Home Delivery,20,6,0.27
226,2,2024-01-16,19,10.97,13.14,Credit Card,In-store Pickup,78,3,0.12
227,22,2024-05-13,19,7.73,8.44,Debit Card,Home Delivery,66,10,0.01
228,43,2024-10-21,9,11.82,11.51,Cash,Home Delivery,55,8,0.2
228,43,2024-10-21,9,11.82,11.51,Cash,Home Delivery,40,9,0.11
228,43,2024-10-21,9,11.82,11.51,Cash,Home Delivery,12,6,0.08
229,92,2024-03-09,15,8.7,11.88,Credit Card,Home Delivery,2,10,0.12
229,92,2024-03-09,15,8.7,11.88,Credit Card,Home Delivery,22,4,0.18
229,92,2024-03-09,15,8.7,11.88,Credit Card,Home Delivery,14,6,0.3
230,8,2024-06-19,15,8.65,12.47,PayPal,In-store Pickup,4,4,0.26
230,8,2024-06-19,15,8.65,12.47,PayPal,In-store Pickup,97,1,0.02
230,8,2024-06-19,15,8.65,12.47,PayPal,In-store Pickup,30,7,0.28
230,8,2024-06-19,15,8.65,12.47,PayPal,In-store Pickup,62,1,0.29
230,8,2024-06-19,15,8.65,12.47,PayPal,In-store Pickup,33,5,0.09
231,32,2024-07-05,15,14.21,14.79,Credit Card,In-store Pickup,26,6,0.17
231,32,2024-07-05,15,14.21,14.79,Credit Card,In-store Pickup,75,8,0.25
231,32,2024-07-05,15,14.21,14.79,Credit Card,In-store Pickup,87,9,0.22
231,32,2024-07-05,15,14.21,14.79,Credit Card,In-store Pickup,41,3,0.08
231,32,2024-07-05,15,14.21,14.79,Credit Card,In-store Pickup,55,5,0.29
232,52,2024-04-06,10,9.27,12.95,Credit Card,Home Delivery,67,3,0.15
232,52,2024-04-06,10,9.27,12.95,Credit Card,Home Delivery,32,2,0.14
232,52,2024-04-06,10,9.27,12.95,Credit Card,Home Delivery,35,1,0.09
232,52,2024-04-06,10,9.27,12.95,Credit Card,Home Delivery,18,3,0.27
233,27,2024-03-27,8,13.27,7.4,Cash,In-store Pickup,31,1,0.12
233,27,2024-03-27,8,13.27,7.4,Cash,In-store Pickup,7,1,0.05
233,27,2024-03-27,8,13.27,7.4,Cash,In-store Pickup,8,3,0.28
233,27,2024-03-27,8,13.27,7.4,Cash,In-store Pickup,39,9,0.19
233,27,2024-03-27,8,13.27,7.4,Cash,In-store Pickup,41,1,0.03
234,15,2024-05-08,6,10.98,12.8,Credit Card,In-store Pickup,63,3,0.25
235,87,2024-04-13,18,19.6,5.69,PayPal,In-store Pickup,9,1,0.03
235,87,2024-04-13,18,19.6,5.69,PayPal,In-store Pickup,1,5,0.08
235,87,2024-04-13,18,19.6,5.69,PayPal,In-store Pickup,57,1,0.23
235,87,2024-04-13,18,19.6,5.69,PayPal,In-store Pickup,92,6,0.28
236,31,2024-06-07,19,14.77,2.46,Credit Card,In-store Pickup,76,7,0.09
236,31,2024-06-07,19,14.77,2.46,Credit Card,In-store Pickup,7,1,0.24
236,31,2024-06-07,19,14.77,2.46,Credit Card,In-store Pickup,91,7,0.27
236,31,2024-06-07,19,14.77,2.46,Credit Card,In-store Pickup,81,6,0.25
236,31,2024-06-07,19,14.77,2.46,Credit Card,In-store Pickup,60,10,0.19
237,15,2024-03-25,14,9.49,8.78,PayPal,In-store Pickup,4,1,0.29
237,15,2024-03-25,14,9.49,8.78,PayPal,In-store Pickup,51,4,0.2
237,15,2024-03-25,14,9.49,8.78,PayPal,In-store Pickup,100,6,0.07
237,15,2024-03-25,14,9.49,8.78,PayPal,In-store Pickup,76,10,0.09
237,15,2024-03-25,14,9.49,8.78,PayPal,In-store Pickup,45,1,0.03
238,23,2024-01-21,15,12.31,10.55,Cash,Home Delivery,75,6,0.19
238,23,2024-01-21,15,12.31,10.55,Cash,Home Delivery,32,3,0.18
239,48,2024-05-12,15,18.54,5.98,Credit Card,In-store Pickup,81,5,0.2
239,48,2024-05-12,15,18.54,5.98,Credit Card,In-store Pickup,43,8,0.23
240,14,2024-10-09,10,6.18,12.76,PayPal,In-store Pickup,84,7,0.05
240,14,2024-10-09,10,6.18,12.76,PayPal,In-store Pickup,71,8,0.22
240,14,2024-10-09,10,6.18,12.76,PayPal,In-store Pickup,77,4,0.16
240,14,2024-10-09,10,6.18,12.76,PayPal,In-store Pickup,32,5,0.0
241,41,2024-07-12,9,5.32,11.85,Credit Card,In-store Pickup,83,2,0.02
241,41,2024-07-12,9,5.32,11.85,Credit Card,In-store Pickup,33,2,0.04
241,41,2024-07-12,9,5.32,11.85,Credit Card,In-store Pickup,4,3,0.05
241,41,2024-07-12,9,5.32,11.85,Credit Card,In-store Pickup,86,2,0.09
241,41,2024-07-12,9,5.32,11.85,Credit Card,In-store Pickup,67,6,0.16
242,91,2024-03-04,8,17.04,9.94,Credit Card,Home Delivery,38,9,0.14
243,51,2024-05-19,5,16.43,9.57,Debit Card,Home Delivery,33,4,0.03
243,51,2024-05-19,5,16.43,9.57,Debit Card,Home Delivery,59,5,0.11
243,51,2024-05-19,5,16.43,9.57,Debit Card,Home Delivery,41,3,0.08
243,51,2024-05-19,5,16.43,9.57,Debit Card,Home Delivery,16,9,0.2
244,100,2024-05-05,16,12.5,9.02,Cash,Home Delivery,14,9,0.02
244,100,2024-05-05,16,12.5,9.02,Cash,Home Delivery,85,8,0.25
244,100,2024-05-05,16,12.5,9.02,Cash,Home Delivery,35,9,0.05
245,8,2024-05-25,6,7.82,7.7,Cash,In-store Pickup,28,6,0.09
245,8,2024-05-25,6,7.82,7.7,Cash,In-store Pickup,70,6,0.03
245,8,2024-05-25,6,7.82,7.7,Cash,In-store Pickup,73,8,0.07
246,55,2024-09-09,4,10.26,1.73,Credit Card,In-store Pickup,86,7,0.03
246,55,2024-09-09,4,10.26,1.73,Credit Card,In-store Pickup,41,8,0.29
246,55,2024-09-09,4,10.26,1.73,Credit Card,In-store Pickup,66,3,0.06
246,55,2024-09-09,4,10.26,1.73,Credit Card,In-store Pickup,80,6,0.03
246,55,2024-09-09,4,10.26,1.73,Credit Card,In-store Pickup,97,1,0.17
247,17,2024-03-27,6,11.03,6.14,Credit Card,In-store Pickup,14,4,0.11
248,58,2024-02-14,19,15.07,13.91,Cash,In-store Pickup,51,4,0.17
249,71,2024-08-12,7,17.15,5.95,PayPal,Home Delivery,44,7,0.23
249,71,2024-08-12,7,17.15,5.95,PayPal,Home Delivery,3,5,0.07
250,79,2024-06-22,2,16.15,5.77,Cash,In-store Pickup,48,8,0.01
250,79,2024-06-22,2,16.15,5.77,Cash,In-store Pickup,52,5,0.07
251,38,2024-05-16,18,14.99,10.66,PayPal,Home Delivery,95,7,0.29
252,79,2024-03-28,4,16.01,7.31,Credit Card,Home Delivery,15,8,0.02
253,93,2024-09-29,12,13.02,1.51,PayPal,Home Delivery,28,1,0.22
254,91,2024-04-23,9,16.29,1.96,Credit Card,Home Delivery,86,8,0.14
254,91,2024-04-23,9,16.29,1.96,Credit Card,Home Delivery,11,8,0.3
254,91,2024-04-23,9,16.29,1.96,Credit Card,Home Delivery,5,7,0.09
255,61,2024-05-09,6,12.78,9.41,Credit Card,Home Delivery,26,4,0.02
256,38,2024-04-07,6,11.49,1.08,Debit Card,In-store Pickup,74,7,0.11
256,38,2024-04-07,6,11.49,1.08,Debit Card,In-store Pickup,85,1,0.28
257,58,2024-04-27,18,5.38,12.64,PayPal,Home Delivery,50,3,0.29
257,58,2024-04-27,18,5.38,12.64,PayPal,Home Delivery,48,10,0.13
257,58,2024-04-27,18,5.38,12.64,PayPal,Home Delivery,23,6,0.04
258,48,2024-06-15,11,13.74,6.66,PayPal,Home Delivery,83,9,0.21
258,48,2024-06-15,11,13.74,6.66,PayPal,Home Delivery,26,4,0.09
258,48,2024-06-15,11,13.74,6.66,PayPal,Home Delivery,99,9,0.21
258,48,2024-06-15,11,13.74,6.66,PayPal,Home Delivery,47,4,0.26
259,8,2024-02-07,14,11.79,13.12,Cash,Home Delivery,24,3,0.21
259,8,2024-02-07,14,11.79,13.12,Cash,Home Delivery,51,7,0.06
259,8,2024-02-07,14,11.79,13.12,Cash,Home Delivery,79,3,0.21
260,50,2024-05-21,18,10.29,11.66,Cash,Home Delivery,62,2,0.18
261,66,2024-04-10,10,17.34,6.77,Credit Card,In-store Pickup,54,2,0.2
261,66,2024-04-10,10,17.34,6.77,Credit Card,In-store Pickup,34,3,0.26
262,26,2024-06-07,3,14.04,1.66,PayPal,Home Delivery,18,6,0.18
262,26,2024-06-07,3,14.04,1.66,PayPal,Home Delivery,49,4,0.21
263,32,2024-08-26,14,14.08,1.9,PayPal,Home Delivery,3,6,0.12
263,32,2024-08-26,14,14.08,1.9,PayPal,Home Delivery,29,4,0.29
263,32,2024-08-26,14,14.08,1.9,PayPal,Home Delivery,4,2,0.13
263,32,2024-08-26,14,14.08,1.9,PayPal,Home Delivery,84,6,0.03
263,32,2024-08-26,14,14.08,1.9,PayPal,Home Delivery,89,4,0.2
264,89,2024-07-22,18,5.37,14.98,Credit Card,In-store Pickup,35,4,0.0
264,89,2024-07-22,18,5.37,14.98,Credit Card,In-store Pickup,42,9,0.14
264,89,2024-07-22,18,5.37,14.98,Credit Card,In-store Pickup,12,4,0.09
264,89,2024-07-22,18,5.37,14.98,Credit Card,In-store Pickup,75,7,0.2
264,89,2024-07-22,18,5.37,14.98,Credit Card,In-store Pickup,99,3,0.2
265,86,2024-03-31,17,11.26,6.66,Cash,Home Delivery,80,5,0.19
265,86,2024-03-31,17,11.26,6.66,Cash,Home Delivery,49,5,0.29
265,86,2024-03-31,17,11.26,6.66,Cash,Home Delivery,39,3,0.28
265,86,2024-03-31,17,11.26,6.66,Cash,Home Delivery,3,1,0.17
266,74,2024-04-21,1,13.84,13.07,Cash,In-store Pickup,91,2,0.19
267,4,2024-04-07,16,5.81,1.36,PayPal,In-store Pickup,14,6,0.3
267,4,2024-04-07,16,5.81,1.36,PayPal,In-store Pickup,32,9,0.3
267,4,2024-04-07,16,5.81,1.36,PayPal,In-store Pickup,39,10,0.13
267,4,2024-04-07,16,5.81,1.36,PayPal,In-store Pickup,83,3,0.16
267,4,2024-04-07,16,5.81,1.36,PayPal,In-store Pickup,63,6,0.05
268,21,2024-09-03,1,9.46,14.0,Cash,Home Delivery,70,7,0.21
268,21,2024-09-03,1,9.46,14.0,Cash,Home Delivery,22,1,0.05
269,99,2024-02-28,18,10.07,1.81,Debit Card,In-store Pickup,91,9,0.28
270,80,2024-02-16,7,18.43,11.04,PayPal,In-store Pickup,58,6,0.2
270,80,2024-02-16,7,18.43,11.04,PayPal,In-store Pickup,69,1,0.1
270,80,2024-02-16,7,18.43,11.04,PayPal,In-store Pickup,45,4,0.27
270,80,2024-02-16,7,18.43,11.04,PayPal,In-store Pickup,55,6,0.1
271,12,2024-02-22,18,13.21,14.43,Debit Card,Home Delivery,8,4,0.15
271,12,2024-02-22,18,13.21,14.43,Debit Card,Home Delivery,77,6,0.17
272,24,2024-06-20,12,15.34,8.65,PayPal,Home Delivery,100,4,0.02
272,24,2024-06-20,12,15.34,8.65,PayPal,Home Delivery,10,5,0.2
272,24,2024-06-20,12,15.34,8.65,PayPal,Home Delivery,71,6,0.18
272,24,2024-06-20,12,15.34,8.65,PayPal,Home Delivery,21,10,0.09
272,24,2024-06-20,12,15.34,8.65,PayPal,Home Delivery,31,7,0.13
273,42,2024-10-08,11,18.83,11.33,Credit Card,Home Delivery,92,3,0.08
273,42,2024-10-08,11,18.83,11.33,Credit Card,Home Delivery,84,4,0.09
273,42,2024-10-08,11,18.83,11.33,Credit Card,Home Delivery,6,9,0.23
273,42,2024-10-08,11,18.83,11.33,Credit Card,Home Delivery,11,8,0.03
273,42,2024-10-08,11,18.83,11.33,Credit Card,Home Delivery,58,7,0.22
274,13,2024-06-28,4,18.07,11.57,Credit Card,In-store Pickup,70,1,0.02
274,13,2024-06-28,4,18.07,11.57,Credit Card,In-store Pickup,67,5,0.24
274,13,2024-06-28,4,18.07,11.57,Credit Card,In-store Pickup,64,3,0.02
274,13,2024-06-28,4,18.07,11.57,Credit Card,In-store Pickup,49,8,0.2
274,13,2024-06-28,4,18.07,11.57,Credit Card,In-store Pickup,74,7,0.1
275,51,2024-09-21,3,13.74,9.53,Credit Card,Home Delivery,70,2,0.12
275,51,2024-09-21,3,13.74,9.53,Credit Card,Home Delivery,40,8,0.28
275,51,2024-09-21,3,13.74,9.53,Credit Card,Home Delivery,1,5,0.22
276,92,2024-06-24,12,15.45,4.79,Debit Card,In-store Pickup,93,7,0.13
276,92,2024-06-24,12,15.45,4.79,Debit Card,In-store Pickup,55,9,0.21
276,92,2024-06-24,12,15.45,4.79,Debit Card,In-store Pickup,50,9,0.25
276,92,2024-06-24,12,15.45,4.79,Debit Card,In-store Pickup,35,9,0.06
276,92,2024-06-24,12,15.45,4.79,Debit Card,In-store Pickup,7,6,0.09
277,33,2024-05-14,20,8.28,2.34,Credit Card,In-store Pickup,62,4,0.21
278,41,2024-09-04,20,15.21,3.52,Cash,In-store Pickup,61,3,0.15
278,41,2024-09-04,20,15.21,3.52,Cash,In-store Pickup,13,1,0.09
278,41,2024-09-04,20,15.21,3.52,Cash,In-store Pickup,1,5,0.01
278,41,2024-09-04,20,15.21,3.52,Cash,In-store Pickup,70,8,0.27
279,56,2024-05-25,11,7.73,9.84,Cash,In-store Pickup,34,7,0.22
279,56,2024-05-25,11,7.73,9.84,Cash,In-store Pickup,97,1,0.2
279,56,2024-05-25,11,7.73,9.84,Cash,In-store Pickup,52,8,0.28
279,56,2024-05-25,11,7.73,9.84,Cash,In-store Pickup,79,3,0.27
279,56,2024-05-25,11,7.73,9.84,Cash,In-store Pickup,7,5,0.18
280,40,2024-08-06,2,16.11,1.47,Cash,In-store Pickup,3,9,0.27
280,40,2024-08-06,2,16.11,1.47,Cash,In-store Pickup,33,8,0.25
280,40,2024-08-06,2,16.11,1.47,Cash,In-store Pickup,79,9,0.15
280,40,2024-08-06,2,16.11,1.47,Cash,In-store Pickup,4,2,0.15
280,40,2024-08-06,2,16.11,1.47,Cash,In-store Pickup,57,7,0.29
281,65,2024-08-19,15,12.84,5.46,Debit Card,Home Delivery,85,10,0.18
281,65,2024-08-19,15,12.84,5.46,Debit Card,Home Delivery,44,10,0.11
282,56,2024-04-27,10,14.41,12.88,PayPal,In-store Pickup,25,10,0.15
282,56,2024-04-27,10,14.41,12.88,PayPal,In-store Pickup,18,5,0.08
282,56,2024-04-27,10,14.41,12.88,PayPal,In-store Pickup,11,1,0.2
282,56,2024-04-27,10,14.41,12.88,PayPal,In-store Pickup,72,4,0.26
282,56,2024-04-27,10,14.41,12.88,PayPal,In-store Pickup,76,4,0.27
283,25,2024-10-06,17,14.35,1.2,Debit Card,Home Delivery,16,6,0.21
283,25,2024-10-06,17,14.35,1.2,Debit Card,Home Delivery,80,6,0.11
283,25,2024-10-06,17,14.35,1.2,Debit Card,Home Delivery,21,8,0.13
284,18,2024-07-03,20,6.23,14.06,Debit Card,In-store Pickup,59,10,0.12
284,18,2024-07-03,20,6.23,14.06,Debit Card,In-store Pickup,70,7,0.12
285,76,2024-09-20,2,10.53,2.12,Debit Card,Home Delivery,76,2,0.17
285,76,2024-09-20,2,10.53,2.12,Debit Card,Home Delivery,58,6,0.18
285,76,2024-09-20,2,10.53,2.12,Debit Card,Home Delivery,34,9,0.26
285,76,2024-09-20,2,10.53,2.12,Debit Card,Home Delivery,36,2,0.2
286,21,2024-09-04,10,11.54,14.86,Debit Card,Home Delivery,29,3,0.06
287,79,2024-01-04,4,17.47,13.55,Cash,Home Delivery,75,3,0.21
287,79,2024-01-04,4,17.47,13.55,Cash,Home Delivery,59,4,0.15
288,36,2024-10-10,1,7.86,4.24,Credit Card,In-store Pickup,99,1,0.2
288,36,2024-10-10,1,7.86,4.24,Credit Card,In-store Pickup,20,4,0.22
288,36,2024-10-10,1,7.86,4.24,Credit Card,In-store Pickup,34,10,0.06
288,36,2024-10-10,1,7.86,4.24,Credit Card,In-store Pickup,79,9,0.2
288,36,2024-10-10,1,7.86,4.24,Credit Card,In-store Pickup,28,7,0.21
289,56,2024-01-20,13,16.97,7.04,PayPal,Home Delivery,85,5,0.29
289,56,2024-01-20,13,16.97,7.04,PayPal,Home Delivery,82,2,0.19
290,64,2024-03-20,1,7.11,12.85,Credit Card,Home Delivery,92,2,0.17
290,64,2024-03-20,1,7.11,12.85,Credit Card,Home Delivery,68,6,0.27
291,52,2024-03-07,8,10.38,9.85,Debit Card,In-store Pickup,59,8,0.01
291,52,2024-03-07,8,10.38,9.85,Debit Card,In-store Pickup,96,2,0.29
291,52,2024-03-07,8,10.38,9.85,Debit Card,In-store Pickup,9,8,0.18
291,52,2024-03-07,8,10.38,9.85,Debit Card,In-store Pickup,38,5,0.27
291,52,2024-03-07,8,10.38,9.85,Debit Card,In-store Pickup,64,3,0.01
292,31,2024-09-15,18,8.32,14.59,Debit Card,In-store Pickup,19,8,0.24
292,31,2024-09-15,18,8.32,14.59,Debit Card,In-store Pickup,84,4,0.1
292,31,2024-09-15,18,8.32,14.59,Debit Card,In-store Pickup,52,10,0.29
293,92,2024-06-30,5,9.28,11.8,Cash,Home Delivery,93,7,0.05
293,92,2024-06-30,5,9.28,11.8,Cash,Home Delivery,51,5,0.22
293,92,2024-06-30,5,9.28,11.8,Cash,Home Delivery,49,8,0.15
293,92,2024-06-30,5,9.28,11.8,Cash,Home Delivery,24,2,0.07
293,92,2024-06-30,5,9.28,11.8,Cash,Home Delivery,33,10,0.03
294,82,2024-08-08,20,13.29,11.87,Credit Card,Home Delivery,68,4,0.03
295,26,2024-06-19,11,5.99,1.42,Credit Card,Home Delivery,63,4,0.03
295,26,2024-06-19,11,5.99,1.42,Credit Card,Home Delivery,10,4,0.18
295,26,2024-06-19,11,5.99,1.42,Credit Card,Home Delivery,94,9,0.22
296,10,2024-08-14,12,5.73,5.57,Debit Card,In-store Pickup,65,9,0.16
296,10,2024-08-14,12,5.73,5.57,Debit Card,In-store Pickup,60,3,0.14
296,10,2024-08-14,12,5.73,5.57,Debit Card,In-store Pickup,3,1,0.27
297,94,2024-09-06,17,7.46,2.04,Debit Card,Home Delivery,44,2,0.29
297,94,2024-09-06,17,7.46,2.04,Debit Card,Home Delivery,31,3,0.25
298,95,2024-03-23,4,6.08,13.83,Cash,In-store Pickup,88,5,0.23
298,95,2024-03-23,4,6.08,13.83,Cash,In-store Pickup,63,4,0.05
298,95,2024-03-23,4,6.08,13.83,Cash,In-store Pickup,29,6,0.12
299,4,2024-11-04,12,7.75,13.05,Debit Card,Home Delivery,95,3,0.03
299,4,2024-11-04,12,7.75,13.05,Debit Card,Home Delivery,56,5,0.16
299,4,2024-11-04,12,7.75,13.05,Debit Card,Home Delivery,86,6,0.19
299,4,2024-11-04,12,7.75,13.05,Debit Card,Home Delivery,66,10,0.02
299,4,2024-11-04,12,7.75,13.05,Debit Card,Home Delivery,94,4,0.26
300,12,2024-03-12,17,11.49,9.63,PayPal,Home Delivery,58,3,0.3
300,12,2024-03-12,17,11.49,9.63,PayPal,Home Delivery,51,8,0.13
300,12,2024-03-12,17,11.49,9.63,PayPal,Home Delivery,99,8,0.11
301,75,2024-08-28,9,16.43,8.64,PayPal,Home Delivery,31,1,0.08
301,75,2024-08-28,9,16.43,8.64,PayPal,Home Delivery,94,2,0.13
301,75,2024-08-28,9,16.43,8.64,PayPal,Home Delivery,83,4,0.15
302,85,2024-02-25,11,12.94,5.51,Credit Card,In-store Pickup,52,4,0.08
302,85,2024-02-25,11,12.94,5.51,Credit Card,In-store Pickup,74,4,0.11
302,85,2024-02-25,11,12.94,5.51,Credit Card,In-store Pickup,100,10,0.12
302,85,2024-02-25,11,12.94,5.51,Credit Card,In-store Pickup,22,10,0.06
302,85,2024-02-25,11,12.94,5.51,Credit Card,In-store Pickup,59,3,0.18
303,18,2024-06-25,16,7.48,14.13,Debit Card,Home Delivery,72,2,0.09
303,18,2024-06-25,16,7.48,14.13,Debit Card,Home Delivery,84,5,0.27
303,18,2024-06-25,16,7.48,14.13,Debit Card,Home Delivery,44,9,0.02
304,75,2024-02-24,2,19.95,13.42,PayPal,Home Delivery,87,10,0.1
304,75,2024-02-24,2,19.95,13.42,PayPal,Home Delivery,45,5,0.2
304,75,2024-02-24,2,19.95,13.42,PayPal,Home Delivery,28,3,0.19
304,75,2024-02-24,2,19.95,13.42,PayPal,Home Delivery,9,7,0.08
304,75,2024-02-24,2,19.95,13.42,PayPal,Home Delivery,30,7,0.03
305,62,2024-03-14,9,7.58,7.05,Debit Card,Home Delivery,85,8,0.12
305,62,2024-03-14,9,7.58,7.05,Debit Card,Home Delivery,79,1,0.15
305,62,2024-03-14,9,7.58,7.05,Debit Card,Home Delivery,2,8,0.17
305,62,2024-03-14,9,7.58,7.05,Debit Card,Home Delivery,14,5,0.09
305,62,2024-03-14,9,7.58,7.05,Debit Card,Home Delivery,39,1,0.03
306,4,2024-04-17,13,13.53,4.48,PayPal,Home Delivery,48,6,0.08
306,4,2024-04-17,13,13.53,4.48,PayPal,Home Delivery,35,1,0.17
306,4,2024-04-17,13,13.53,4.48,PayPal,Home Delivery,39,5,0.11
307,46,2024-08-26,8,18.11,5.51,Debit Card,Home Delivery,64,4,0.03
307,46,2024-08-26,8,18.11,5.51,Debit Card,Home Delivery,5,6,0.18
307,46,2024-08-26,8,18.11,5.51,Debit Card,Home Delivery,82,3,0.06
307,46,2024-08-26,8,18.11,5.51,Debit Card,Home Delivery,68,7,0.22
308,30,2024-03-19,7,5.65,6.22,Cash,In-store Pickup,36,3,0.18
308,30,2024-03-19,7,5.65,6.22,Cash,In-store Pickup,50,4,0.01
308,30,2024-03-19,7,5.65,6.22,Cash,In-store Pickup,27,2,0.0
308,30,2024-03-19,7,5.65,6.22,Cash,In-store Pickup,16,1,0.24
308,30,2024-03-19,7,5.65,6.22,Cash,In-store Pickup,3,4,0.09
309,44,2024-07-11,17,17.04,9.4,Debit Card,Home Delivery,26,8,0.27
309,44,2024-07-11,17,17.04,9.4,Debit Card,Home Delivery,14,4,0.05
309,44,2024-07-11,17,17.04,9.4,Debit Card,Home Delivery,37,9,0.21
309,44,2024-07-11,17,17.04,9.4,Debit Card,Home Delivery,42,8,0.25
310,26,2024-05-02,6,8.57,14.52,Debit Card,Home Delivery,15,1,0.01
310,26,2024-05-02,6,8.57,14.52,Debit Card,Home Delivery,50,8,0.28
310,26,2024-05-02,6,8.57,14.52,Debit Card,Home Delivery,78,8,0.01
311,60,2024-08-09,20,16.1,5.93,PayPal,Home Delivery,20,2,0.05
311,60,2024-08-09,20,16.1,5.93,PayPal,Home Delivery,99,8,0.17
311,60,2024-08-09,20,16.1,5.93,PayPal,Home Delivery,98,9,0.22
311,60,2024-08-09,20,16.1,5.93,PayPal,Home Delivery,79,2,0.16
312,39,2024-06-13,17,10.01,10.02,Cash,Home Delivery,9,6,0.27
312,39,2024-06-13,17,10.01,10.02,Cash,Home Delivery,60,1,0.04
312,39,2024-06-13,17,10.01,10.02,Cash,Home Delivery,8,1,0.24
313,97,2024-03-16,2,6.37,1.08,Debit Card,Home Delivery,73,10,0.1
314,71,2024-02-27,17,17.92,6.61,Cash,In-store Pickup,21,9,0.26
314,71,2024-02-27,17,17.92,6.61,Cash,In-store Pickup,75,8,0.08
314,71,2024-02-27,17,17.92,6.61,Cash,In-store Pickup,86,4,0.23
314,71,2024-02-27,17,17.92,6.61,Cash,In-store Pickup,52,3,0.15
315,20,2024-07-27,16,17.79,10.46,Cash,Home Delivery,87,6,0.13
315,20,2024-07-27,16,17.79,10.46,Cash,Home Delivery,94,7,0.24
315,20,2024-07-27,16,17.79,10.46,Cash,Home Delivery,79,3,0.11
316,75,2024-01-10,13,10.18,6.91,Credit Card,In-store Pickup,80,7,0.02
316,75,2024-01-10,13,10.18,6.91,Credit Card,In-store Pickup,27,10,0.16
316,75,2024-01-10,13,10.18,6.91,Credit Card,In-store Pickup,29,6,0.14
316,75,2024-01-10,13,10.18,6.91,Credit Card,In-store Pickup,32,3,0.24
316,75,2024-01-10,13,10.18,6.91,Credit Card,In-store Pickup,44,6,0.17
317,72,2024-06-06,14,12.1,10.84,Cash,In-store Pickup,19,7,0.27
317,72,2024-06-06,14,12.1,10.84,Cash,In-store Pickup,16,5,0.1
317,72,2024-06-06,14,12.1,10.84,Cash,In-store Pickup,95,9,0.22
317,72,2024-06-06,14,12.1,10.84,Cash,In-store Pickup,41,6,0.27
318,75,2024-05-02,16,19.9,10.37,Cash,In-store Pickup,50,7,0.22
319,56,2024-07-26,4,13.78,2.98,Cash,In-store Pickup,44,5,0.14
319,56,2024-07-26,4,13.78,2.98,Cash,In-store Pickup,72,10,0.0
320,46,2024-04-07,8,13.83,2.1,PayPal,Home Delivery,70,2,0.23
320,46,2024-04-07,8,13.83,2.1,PayPal,Home Delivery,75,1,0.25
320,46,2024-04-07,8,13.83,2.1,PayPal,Home Delivery,32,10,0.09
320,46,2024-04-07,8,13.83,2.1,PayPal,Home Delivery,54,3,0.15
320,46,2024-04-07,8,13.83,2.1,PayPal,Home Delivery,89,3,0.11
321,35,2024-03-05,2,12.18,13.43,Cash,In-store Pickup,3,5,0.19
321,35,2024-03-05,2,12.18,13.43,Cash,In-store Pickup,84,6,0.29
322,53,2024-01-03,18,17.74,9.57,Cash,Home Delivery,30,4,0.19
323,36,2024-02-07,13,16.84,11.68,Cash,In-store Pickup,96,9,0.16
324,91,2024-05-26,6,18.35,10.7,Cash,Home Delivery,38,9,0.06
324,91,2024-05-26,6,18.35,10.7,Cash,Home Delivery,45,9,0.28
325,74,2024-01-21,16,13.92,3.08,Cash,In-store Pickup,18,5,0.1
325,74,2024-01-21,16,13.92,3.08,Cash,In-store Pickup,23,8,0.15
325,74,2024-01-21,16,13.92,3.08,Cash,In-store Pickup,2,8,0.09
326,32,2024-01-29,15,5.73,12.18,Cash,Home Delivery,35,1,0.22
327,84,2024-09-26,5,15.12,3.66,Debit Card,Home Delivery,98,9,0.23
327,84,2024-09-26,5,15.12,3.66,Debit Card,Home Delivery,5,4,0.15
328,21,2024-05-30,7,13.52,9.49,Debit Card,Home Delivery,15,7,0.28
328,21,2024-05-30,7,13.52,9.49,Debit Card,Home Delivery,92,6,0.12
328,21,2024-05-30,7,13.52,9.49,Debit Card,Home Delivery,90,1,0.08
328,21,2024-05-30,7,13.52,9.49,Debit Card,Home Delivery,52,3,0.04
328,21,2024-05-30,7,13.52,9.49,Debit Card,Home Delivery,29,1,0.04
329,37,2024-09-29,12,5.56,10.93,Cash,In-store Pickup,58,7,0.26
329,37,2024-09-29,12,5.56,10.93,Cash,In-store Pickup,20,3,0.29
329,37,2024-09-29,12,5.56,10.93,Cash,In-store Pickup,89,8,0.03
330,51,2024-10-01,6,15.97,11.58,Cash,In-store Pickup,61,5,0.1
331,29,2024-07-13,11,18.84,11.72,Credit Card,In-store Pickup,17,4,0.19
331,29,2024-07-13,11,18.84,11.72,Credit Card,In-store Pickup,78,10,0.22
331,29,2024-07-13,11,18.84,11.72,Credit Card,In-store Pickup,51,10,0.12
332,32,2024-08-15,2,11.02,13.59,Cash,Home Delivery,83,6,0.12
332,32,2024-08-15,2,11.02,13.59,Cash,Home Delivery,74,9,0.16
333,12,2024-06-30,16,9.05,9.14,Cash,In-store Pickup,52,9,0.0
333,12,2024-06-30,16,9.05,9.14,Cash,In-store Pickup,22,9,0.02
333,12,2024-06-30,16,9.05,9.14,Cash,In-store Pickup,84,2,0.22
333,12,2024-06-30,16,9.05,9.14,Cash,In-store Pickup,15,6,0.1
334,68,2024-05-01,4,6.83,9.21,PayPal,Home Delivery,93,9,0.24
334,68,2024-05-01,4,6.83,9.21,PayPal,Home Delivery,79,8,0.08
334,68,2024-05-01,4,6.83,9.21,PayPal,Home Delivery,21,2,0.15
334,68,2024-05-01,4,6.83,9.21,PayPal,Home Delivery,43,9,0.28
334,68,2024-05-01,4,6.83,9.21,PayPal,Home Delivery,66,9,0.21
335,34,2024-10-25,5,15.97,14.79,Debit Card,Home Delivery,97,4,0.21
335,34,2024-10-25,5,15.97,14.79,Debit Card,Home Delivery,11,1,0.15
336,21,2024-05-05,15,9.58,3.22,Debit Card,Home Delivery,67,7,0.28
336,21,2024-05-05,15,9.58,3.22,Debit Card,Home Delivery,88,7,0.07
336,21,2024-05-05,15,9.58,3.22,Debit Card,Home Delivery,92,2,0.09
336,21,2024-05-05,15,9.58,3.22,Debit Card,Home Delivery,79,9,0.03
336,21,2024-05-05,15,9.58,3.22,Debit Card,Home Delivery,68,1,0.11
337,82,2024-02-21,6,15.85,4.63,PayPal,Home Delivery,63,8,0.06
337,82,2024-02-21,6,15.85,4.63,PayPal,Home Delivery,18,9,0.2
337,82,2024-02-21,6,15.85,4.63,PayPal,Home Delivery,14,9,0.07
337,82,2024-02-21,6,15.85,4.63,PayPal,Home Delivery,56,1,0.04
337,82,2024-02-21,6,15.85,4.63,PayPal,Home Delivery,78,1,0.3
338,10,2024-03-07,10,7.04,14.29,PayPal,Home Delivery,16,10,0.27
338,10,2024-03-07,10,7.04,14.29,PayPal,Home Delivery,24,5,0.04
338,10,2024-03-07,10,7.04,14.29,PayPal,Home Delivery,38,6,0.12
339,41,2024-05-13,2,5.11,10.69,Cash,In-store Pickup,88,1,0.08
339,41,2024-05-13,2,5.11,10.69,Cash,In-store Pickup,44,8,0.28
340,31,2024-02-12,3,11.12,3.16,Debit Card,In-store Pickup,37,7,0.05
340,31,2024-02-12,3,11.12,3.16,Debit Card,In-store Pickup,55,5,0.14
340,31,2024-02-12,3,11.12,3.16,Debit Card,In-store Pickup,87,10,0.03
340,31,2024-02-12,3,11.12,3.16,Debit Card,In-store Pickup,31,4,0.28
341,25,2024-05-30,19,12.27,7.25,PayPal,In-store Pickup,92,7,0.09
341,25,2024-05-30,19,12.27,7.25,PayPal,In-store Pickup,44,7,0.11
341,25,2024-05-30,19,12.27,7.25,PayPal,In-store Pickup,94,6,0.0
341,25,2024-05-30,19,12.27,7.25,PayPal,In-store Pickup,77,1,0.27
341,25,2024-05-30,19,12.27,7.25,PayPal,In-store Pickup,81,7,0.11
342,80,2024-06-07,12,6.04,3.93,Cash,In-store Pickup,57,8,0.29
342,80,2024-06-07,12,6.04,3.93,Cash,In-store Pickup,12,8,0.21
343,98,2024-03-26,8,15.83,5.09,Debit Card,In-store Pickup,64,3,0.13
344,25,2024-03-31,18,19.16,8.25,Credit Card,In-store Pickup,14,8,0.07
344,25,2024-03-31,18,19.16,8.25,Credit Card,In-store Pickup,30,10,0.2
344,25,2024-03-31,18,19.16,8.25,Credit Card,In-store Pickup,10,9,0.1
345,16,2024-09-09,17,17.18,14.72,Credit Card,In-store Pickup,64,3,0.12
345,16,2024-09-09,17,17.18,14.72,Credit Card,In-store Pickup,85,2,0.0
345,16,2024-09-09,17,17.18,14.72,Credit Card,In-store Pickup,86,10,0.26
345,16,2024-09-09,17,17.18,14.72,Credit Card,In-store Pickup,82,3,0.28
345,16,2024-09-09,17,17.18,14.72,Credit Card,In-store Pickup,1,1,0.01
346,45,2024-09-24,9,8.72,5.81,PayPal,Home Delivery,97,4,0.08
346,45,2024-09-24,9,8.72,5.81,PayPal,Home Delivery,60,5,0.08
346,45,2024-09-24,9,8.72,5.81,PayPal,Home Delivery,76,4,0.14
346,45,2024-09-24,9,8.72,5.81,PayPal,Home Delivery,28,9,0.29
346,45,2024-09-24,9,8.72,5.81,PayPal,Home Delivery,60,10,0.12
347,79,2024-09-07,5,17.55,3.85,Debit Card,In-store Pickup,47,3,0.17
347,79,2024-09-07,5,17.55,3.85,Debit Card,In-store Pickup,100,1,0.11
348,99,2024-02-20,10,11.56,14.93,Debit Card,In-store Pickup,39,8,0.18
348,99,2024-02-20,10,11.56,14.93,Debit Card,In-store Pickup,74,6,0.11
349,90,2024-08-24,4,13.22,5.96,Cash,In-store Pickup,40,5,0.1
349,90,2024-08-24,4,13.22,5.96,Cash,In-store Pickup,41,1,0.11
350,59,2024-08-30,11,17.32,7.89,PayPal,Home Delivery,36,8,0.25
350,59,2024-08-30,11,17.32,7.89,PayPal,Home Delivery,78,4,0.14
350,59,2024-08-30,11,17.32,7.89,PayPal,Home Delivery,47,4,0.13
351,26,2024-03-18,10,6.94,5.07,Cash,In-store Pickup,72,1,0.07
352,98,2024-07-31,2,10.34,1.25,Cash,Home Delivery,82,9,0.15
352,98,2024-07-31,2,10.34,1.25,Cash,Home Delivery,32,10,0.29
353,4,2024-06-17,20,7.27,14.58,Credit Card,In-store Pickup,87,7,0.07
354,39,2024-02-29,3,19.94,5.77,Cash,Home Delivery,8,4,0.1
354,39,2024-02-29,3,19.94,5.77,Cash,Home Delivery,48,10,0.17
354,39,2024-02-29,3,19.94,5.77,Cash,Home Delivery,91,8,0.0
354,39,2024-02-29,3,19.94,5.77,Cash,Home Delivery,70,5,0.14
354,39,2024-02-29,3,19.94,5.77,Cash,Home Delivery,14,10,0.13
355,74,2024-03-19,2,7.66,5.35,Debit Card,Home Delivery,11,2,0.13
355,74,2024-03-19,2,7.66,5.35,Debit Card,Home Delivery,66,6,0.08
355,74,2024-03-19,2,7.66,5.35,Debit Card,Home Delivery,13,3,0.18
356,94,2024-02-15,18,19.02,6.27,Debit Card,In-store Pickup,23,1,0.21
357,40,2024-09-24,17,19.21,2.43,Cash,Home Delivery,70,4,0.27
357,40,2024-09-24,17,19.21,2.43,Cash,Home Delivery,20,1,0.24
358,77,2024-01-04,6,13.97,3.47,Credit Card,Home Delivery,47,4,0.01
359,51,2024-09-04,20,16.7,1.14,PayPal,In-store Pickup,14,3,0.19
359,51,2024-09-04,20,16.7,1.14,PayPal,In-store Pickup,9,10,0.29
359,51,2024-09-04,20,16.7,1.14,PayPal,In-store Pickup,68,9,0.23
360,60,2024-01-05,2,17.82,1.37,Credit Card,In-store Pickup,37,1,0.22
360,60,2024-01-05,2,17.82,1.37,Credit Card,In-store Pickup,26,10,0.03
360,60,2024-01-05,2,17.82,1.37,Credit Card,In-store Pickup,91,6,0.02
360,60,2024-01-05,2,17.82,1.37,Credit Card,In-store Pickup,87,10,0.28
360,60,2024-01-05,2,17.82,1.37,Credit Card,In-store Pickup,91,9,0.28
361,40,2024-08-07,1,7.3,11.52,Credit Card,Home Delivery,3,5,0.13
362,65,2024-05-14,10,19.03,12.6,Credit Card,In-store Pickup,65,2,0.12
362,65,2024-05-14,10,19.03,12.6,Credit Card,In-store Pickup,40,3,0.18
362,65,2024-05-14,10,19.03,12.6,Credit Card,In-store Pickup,99,1,0.02
362,65,2024-05-14,10,19.03,12.6,Credit Card,In-store Pickup,27,10,0.27
363,28,2024-03-12,14,7.88,11.0,Credit Card,Home Delivery,50,9,0.18
363,28,2024-03-12,14,7.88,11.0,Credit Card,Home Delivery,10,3,0.28
363,28,2024-03-12,14,7.88,11.0,Credit Card,Home Delivery,13,7,0.26
364,83,2024-03-25,11,19.16,9.55,Cash,In-store Pickup,63,10,0.16
364,83,2024-03-25,11,19.16,9.55,Cash,In-store Pickup,53,5,0.28
364,83,2024-03-25,11,19.16,9.55,Cash,In-store Pickup,90,1,0.05
364,83,2024-03-25,11,19.16,9.55,Cash,In-store Pickup,42,1,0.15
365,33,2024-07-22,3,10.69,11.45,PayPal,In-store Pickup,17,10,0.2
365,33,2024-07-22,3,10.69,11.45,PayPal,In-store Pickup,81,5,0.29
365,33,2024-07-22,3,10.69,11.45,PayPal,In-store Pickup,93,4,0.27
366,11,2024-08-12,9,12.8,5.21,Debit Card,Home Delivery,6,5,0.13
366,11,2024-08-12,9,12.8,5.21,Debit Card,Home Delivery,6,10,0.26
367,26,2024-04-01,10,14.01,4.17,Credit Card,In-store Pickup,68,7,0.22
367,26,2024-04-01,10,14.01,4.17,Credit Card,In-store Pickup,43,3,0.25
367,26,2024-04-01,10,14.01,4.17,Credit Card,In-store Pickup,15,3,0.07
367,26,2024-04-01,10,14.01,4.17,Credit Card,In-store Pickup,92,2,0.29
368,97,2024-05-24,10,7.32,11.65,Debit Card,In-store Pickup,70,1,0.18
368,97,2024-05-24,10,7.32,11.65,Debit Card,In-store Pickup,77,7,0.1
369,15,2024-09-29,13,14.76,14.06,Debit Card,In-store Pickup,89,3,0.25
369,15,2024-09-29,13,14.76,14.06,Debit Card,In-store Pickup,4,4,0.02
369,15,2024-09-29,13,14.76,14.06,Debit Card,In-store Pickup,14,1,0.27
370,7,2024-01-17,17,6.73,7.68,Credit Card,In-store Pickup,93,5,0.13
371,44,2024-10-13,14,13.85,11.46,PayPal,In-store Pickup,22,9,0.12
371,44,2024-10-13,14,13.85,11.46,PayPal,In-store Pickup,3,7,0.02
371,44,2024-10-13,14,13.85,11.46,PayPal,In-store Pickup,46,10,0.02
371,44,2024-10-13,14,13.85,11.46,PayPal,In-store Pickup,31,4,0.29
372,53,2024-01-18,19,12.47,4.84,Credit Card,In-store Pickup,60,7,0.26
372,53,2024-01-18,19,12.47,4.84,Credit Card,In-store Pickup,18,7,0.02
373,22,2024-10-02,18,16.99,9.29,Cash,In-store Pickup,35,4,0.25
373,22,2024-10-02,18,16.99,9.29,Cash,In-store Pickup,7,9,0.08
373,22,2024-10-02,18,16.99,9.29,Cash,In-store Pickup,70,3,0.22
373,22,2024-10-02,18,16.99,9.29,Cash,In-store Pickup,26,4,0.12
374,35,2024-04-07,3,15.26,4.45,Debit Card,In-store Pickup,32,8,0.02
374,35,2024-04-07,3,15.26,4.45,Debit Card,In-store Pickup,40,1,0.26
374,35,2024-04-07,3,15.26,4.45,Debit Card,In-store Pickup,64,1,0.26
374,35,2024-04-07,3,15.26,4.45,Debit Card,In-store Pickup,74,4,0.01
375,75,2024-05-17,15,18.5,14.39,Debit Card,Home Delivery,49,8,0.22
375,75,2024-05-17,15,18.5,14.39,Debit Card,Home Delivery,57,6,0.05
375,75,2024-05-17,15,18.5,14.39,Debit Card,Home Delivery,53,1,0.07
376,78,2024-02-08,12,11.0,3.88,Credit Card,In-store Pickup,21,1,0.03
376,78,2024-02-08,12,11.0,3.88,Credit Card,In-store Pickup,88,8,0.08
376,78,2024-02-08,12,11.0,3.88,Credit Card,In-store Pickup,47,3,0.22
376,78,2024-02-08,12,11.0,3.88,Credit Card,In-store Pickup,21,7,0.28
376,78,2024-02-08,12,11.0,3.88,Credit Card,In-store Pickup,79,9,0.03
377,53,2024-01-30,16,8.58,5.84,Cash,In-store Pickup,30,6,0.11
377,53,2024-01-30,16,8.58,5.84,Cash,In-store Pickup,6,10,0.11
377,53,2024-01-30,16,8.58,5.84,Cash,In-store Pickup,84,8,0.11
377,53,2024-01-30,16,8.58,5.84,Cash,In-store Pickup,58,7,0.15
378,97,2024-04-18,12,17.49,4.55,Cash,Home Delivery,12,6,0.16
378,97,2024-04-18,12,17.49,4.55,Cash,Home Delivery,51,6,0.28
378,97,2024-04-18,12,17.49,4.55,Cash,Home Delivery,71,7,0.19
379,30,2024-03-02,20,8.05,2.25,PayPal,Home Delivery,45,5,0.05
379,30,2024-03-02,20,8.05,2.25,PayPal,Home Delivery,15,6,0.3
379,30,2024-03-02,20,8.05,2.25,PayPal,Home Delivery,80,9,0.26
379,30,2024-03-02,20,8.05,2.25,PayPal,Home Delivery,68,2,0.16
379,30,2024-03-02,20,8.05,2.25,PayPal,Home Delivery,74,5,0.19
380,61,2024-08-30,1,9.52,5.95,PayPal,In-store Pickup,13,2,0.28
380,61,2024-08-30,1,9.52,5.95,PayPal,In-store Pickup,41,2,0.15
380,61,2024-08-30,1,9.52,5.95,PayPal,In-store Pickup,5,6,0.07
380,61,2024-08-30,1,9.52,5.95,PayPal,In-store Pickup,100,2,0.16
380,61,2024-08-30,1,9.52,5.95,PayPal,In-store Pickup,72,3,0.1
381,39,2024-09-21,12,19.24,4.43,Cash,Home Delivery,42,2,0.23
381,39,2024-09-21,12,19.24,4.43,Cash,Home Delivery,21,1,0.2
381,39,2024-09-21,12,19.24,4.43,Cash,Home Delivery,65,7,0.21
381,39,2024-09-21,12,19.24,4.43,Cash,Home Delivery,5,2,0.24
382,53,2024-02-08,10,16.98,5.99,Cash,In-store Pickup,87,8,0.08
382,53,2024-02-08,10,16.98,5.99,Cash,In-store Pickup,92,6,0.0
382,53,2024-02-08,10,16.98,5.99,Cash,In-store Pickup,63,8,0.25
383,73,2024-04-09,18,6.72,12.94,Credit Card,In-store Pickup,31,1,0.28
384,27,2024-01-11,6,19.67,7.24,Cash,Home Delivery,40,6,0.05
384,27,2024-01-11,6,19.67,7.24,Cash,Home Delivery,72,10,0.29
384,27,2024-01-11,6,19.67,7.24,Cash,Home Delivery,68,5,0.3
384,27,2024-01-11,6,19.67,7.24,Cash,Home Delivery,62,4,0.27
384,27,2024-01-11,6,19.67,7.24,Cash,Home Delivery,95,10,0.24
385,63,2024-11-04,8,7.31,10.19,Credit Card,Home Delivery,78,8,0.07
385,63,2024-11-04,8,7.31,10.19,Credit Card,Home Delivery,66,2,0.12
385,63,2024-11-04,8,7.31,10.19,Credit Card,Home Delivery,23,4,0.01
386,76,2024-10-25,20,16.13,11.82,Cash,In-store Pickup,54,3,0.2
386,76,2024-10-25,20,16.13,11.82,Cash,In-store Pickup,78,3,0.08
386,76,2024-10-25,20,16.13,11.82,Cash,In-store Pickup,56,6,0.07
386,76,2024-10-25,20,16.13,11.82,Cash,In-store Pickup,60,2,0.07
387,45,2024-07-16,10,13.97,2.89,Credit Card,Home Delivery,47,1,0.06
388,72,2024-05-11,18,10.85,14.2,Cash,Home Delivery,68,9,0.18
388,72,2024-05-11,18,10.85,14.2,Cash,Home Delivery,19,7,0.26
388,72,2024-05-11,18,10.85,14.2,Cash,Home Delivery,25,1,0.23
388,72,2024-05-11,18,10.85,14.2,Cash,Home Delivery,81,7,0.15
389,77,2024-02-21,11,5.18,4.41,Cash,Home Delivery,72,5,0.09
389,77,2024-02-21,11,5.18,4.41,Cash,Home Delivery,33,4,0.25
389,77,2024-02-21,11,5.18,4.41,Cash,Home Delivery,26,7,0.28
389,77,2024-02-21,11,5.18,4.41,Cash,Home Delivery,95,3,0.09
390,69,2024-07-15,15,6.78,6.36,Debit Card,Home Delivery,73,6,0.04
390,69,2024-07-15,15,6.78,6.36,Debit Card,Home Delivery,86,7,0.23
390,69,2024-07-15,15,6.78,6.36,Debit Card,Home Delivery,92,1,0.13
390,69,2024-07-15,15,6.78,6.36,Debit Card,Home Delivery,33,1,0.08
391,11,2024-10-23,9,5.6,12.41,Credit Card,In-store Pickup,49,7,0.01
392,10,2024-09-12,7,5.27,12.09,PayPal,Home Delivery,26,1,0.18
392,10,2024-09-12,7,5.27,12.09,PayPal,Home Delivery,36,2,0.02
392,10,2024-09-12,7,5.27,12.09,PayPal,Home Delivery,26,8,0.06
393,46,2024-05-17,6,14.06,8.08,Debit Card,Home Delivery,72,7,0.27
393,46,2024-05-17,6,14.06,8.08,Debit Card,Home Delivery,18,7,0.15
393,46,2024-05-17,6,14.06,8.08,Debit Card,Home Delivery,7,9,0.24
393,46,2024-05-17,6,14.06,8.08,Debit Card,Home Delivery,34,5,0.05
393,46,2024-05-17,6,14.06,8.08,Debit Card,Home Delivery,85,3,0.18
394,100,2024-07-05,15,17.19,8.23,Credit Card,Home Delivery,71,8,0.1
394,100,2024-07-05,15,17.19,8.23,Credit Card,Home Delivery,41,8,0.02
394,100,2024-07-05,15,17.19,8.23,Credit Card,Home Delivery,32,2,0.3
394,100,2024-07-05,15,17.19,8.23,Credit Card,Home Delivery,2,1,0.11
394,100,2024-07-05,15,17.19,8.23,Credit Card,Home Delivery,43,4,0.27
395,17,2024-09-23,10,15.63,7.54,Debit Card,In-store Pickup,55,9,0.2
396,9,2024-05-27,11,15.54,3.89,Cash,Home Delivery,15,1,0.18
397,72,2024-10-17,5,19.96,14.06,PayPal,In-store Pickup,11,4,0.07
398,55,2024-05-14,11,12.77,14.44,Credit Card,In-store Pickup,46,8,0.18
398,55,2024-05-14,11,12.77,14.44,Credit Card,In-store Pickup,52,10,0.11
398,55,2024-05-14,11,12.77,14.44,Credit Card,In-store Pickup,11,2,0.0
398,55,2024-05-14,11,12.77,14.44,Credit Card,In-store Pickup,34,10,0.2
399,20,2024-06-06,3,10.83,14.19,Credit Card,Home Delivery,60,5,0.17
399,20,2024-06-06,3,10.83,14.19,Credit Card,Home Delivery,48,1,0.18
399,20,2024-06-06,3,10.83,14.19,Credit Card,Home Delivery,65,2,0.0
399,20,2024-06-06,3,10.83,14.19,Credit Card,Home Delivery,24,2,0.14
400,44,2024-08-12,2,14.53,1.11,Debit Card,Home Delivery,40,6,0.04
400,44,2024-08-12,2,14.53,1.11,Debit Card,Home Delivery,58,7,0.06
400,44,2024-08-12,2,14.53,1.11,Debit Card,Home Delivery,96,10,0.1
401,32,2024-04-30,20,7.08,2.66,Credit Card,In-store Pickup,80,2,0.29
402,46,2024-05-28,3,14.78,10.3,PayPal,In-store Pickup,70,5,0.18
402,46,2024-05-28,3,14.78,10.3,PayPal,In-store Pickup,29,7,0.1
402,46,2024-05-28,3,14.78,10.3,PayPal,In-store Pickup,1,8,0.17
403,80,2024-10-27,5,18.25,13.54,Debit Card,In-store Pickup,85,3,0.21
404,5,2024-02-09,6,9.22,1.59,Cash,Home Delivery,61,7,0.12
405,8,2024-07-31,5,15.64,3.44,PayPal,Home Delivery,35,4,0.2
406,18,2024-01-14,6,18.38,5.84,PayPal,Home Delivery,92,9,0.09
406,18,2024-01-14,6,18.38,5.84,PayPal,Home Delivery,7,4,0.19
406,18,2024-01-14,6,18.38,5.84,PayPal,Home Delivery,50,6,0.11
406,18,2024-01-14,6,18.38,5.84,PayPal,Home Delivery,100,5,0.14
406,18,2024-01-14,6,18.38,5.84,PayPal,Home Delivery,27,2,0.02
407,12,2024-07-28,17,8.36,6.54,Credit Card,In-store Pickup,26,5,0.19
407,12,2024-07-28,17,8.36,6.54,Credit Card,In-store Pickup,79,1,0.02
407,12,2024-07-28,17,8.36,6.54,Credit Card,In-store Pickup,10,8,0.12
407,12,2024-07-28,17,8.36,6.54,Credit Card,In-store Pickup,17,9,0.01
408,10,2024-08-27,9,9.47,11.57,Cash,Home Delivery,100,1,0.18
408,10,2024-08-27,9,9.47,11.57,Cash,Home Delivery,90,9,0.03
408,10,2024-08-27,9,9.47,11.57,Cash,Home Delivery,73,7,0.09
409,61,2024-03-26,2,15.75,1.58,PayPal,In-store Pickup,50,9,0.29
409,61,2024-03-26,2,15.75,1.58,PayPal,In-store Pickup,8,8,0.1
410,56,2024-02-22,15,17.13,3.22,Debit Card,Home Delivery,95,10,0.04
410,56,2024-02-22,15,17.13,3.22,Debit Card,Home Delivery,14,1,0.07
411,39,2024-03-29,20,18.49,1.41,Credit Card,In-store Pickup,24,3,0.18
412,22,2024-07-16,17,18.88,7.95,PayPal,In-store Pickup,92,3,0.01
412,22,2024-07-16,17,18.88,7.95,PayPal,In-store Pickup,71,5,0.16
412,22,2024-07-16,17,18.88,7.95,PayPal,In-store Pickup,1,7,0.2
412,22,2024-07-16,17,18.88,7.95,PayPal,In-store Pickup,44,5,0.29
413,42,2024-07-15,6,11.08,14.04,Debit Card,In-store Pickup,27,9,0.12
413,42,2024-07-15,6,11.08,14.04,Debit Card,In-store Pickup,6,3,0.19
413,42,2024-07-15,6,11.08,14.04,Debit Card,In-store Pickup,98,7,0.09
413,42,2024-07-15,6,11.08,14.04,Debit Card,In-store Pickup,73,3,0.2
413,42,2024-07-15,6,11.08,14.04,Debit Card,In-store Pickup,39,5,0.13
414,5,2024-01-19,13,9.5,5.93,Cash,In-store Pickup,26,2,0.26
414,5,2024-01-19,13,9.5,5.93,Cash,In-store Pickup,60,5,0.13
415,8,2024-10-12,15,15.86,1.95,Debit Card,Home Delivery,86,1,0.23
415,8,2024-10-12,15,15.86,1.95,Debit Card,Home Delivery,2,1,0.06
415,8,2024-10-12,15,15.86,1.95,Debit Card,Home Delivery,71,4,0.26
415,8,2024-10-12,15,15.86,1.95,Debit Card,Home Delivery,27,3,0.11
416,7,2024-03-05,10,11.26,6.96,Cash,In-store Pickup,7,7,0.12
416,7,2024-03-05,10,11.26,6.96,Cash,In-store Pickup,95,1,0.04
416,7,2024-03-05,10,11.26,6.96,Cash,In-store Pickup,92,2,0.06
417,67,2024-02-21,7,16.61,6.54,Debit Card,In-store Pickup,60,9,0.3
417,67,2024-02-21,7,16.61,6.54,Debit Card,In-store Pickup,66,3,0.27
417,67,2024-02-21,7,16.61,6.54,Debit Card,In-store Pickup,34,6,0.3
417,67,2024-02-21,7,16.61,6.54,Debit Card,In-store Pickup,28,2,0.27
418,86,2024-01-01,2,8.97,4.58,Debit Card,In-store Pickup,22,9,0.19
418,86,2024-01-01,2,8.97,4.58,Debit Card,In-store Pickup,38,6,0.18
418,86,2024-01-01,2,8.97,4.58,Debit Card,In-store Pickup,56,10,0.23
419,77,2024-10-12,7,9.28,7.96,Cash,In-store Pickup,78,3,0.19
420,45,2024-02-08,1,9.55,5.66,Credit Card,Home Delivery,27,10,0.15
420,45,2024-02-08,1,9.55,5.66,Credit Card,Home Delivery,3,1,0.01
420,45,2024-02-08,1,9.55,5.66,Credit Card,Home Delivery,97,7,0.16
421,16,2024-10-29,13,5.3,4.38,Debit Card,In-store Pickup,27,4,0.29
422,65,2024-07-21,7,11.07,12.63,Credit Card,Home Delivery,31,6,0.21
423,85,2024-01-24,9,8.61,12.61,Cash,Home Delivery,75,4,0.1
424,78,2024-10-17,2,10.19,10.64,PayPal,In-store Pickup,13,1,0.27
424,78,2024-10-17,2,10.19,10.64,PayPal,In-store Pickup,47,9,0.28
424,78,2024-10-17,2,10.19,10.64,PayPal,In-store Pickup,93,2,0.05
424,78,2024-10-17,2,10.19,10.64,PayPal,In-store Pickup,7,5,0.03
425,56,2024-08-13,11,9.32,12.01,Cash,Home Delivery,17,3,0.05
425,56,2024-08-13,11,9.32,12.01,Cash,Home Delivery,93,1,0.29
425,56,2024-08-13,11,9.32,12.01,Cash,Home Delivery,80,1,0.15
425,56,2024-08-13,11,9.32,12.01,Cash,Home Delivery,46,1,0.25
426,68,2024-10-07,5,14.32,8.55,PayPal,Home Delivery,62,1,0.22
426,68,2024-10-07,5,14.32,8.55,PayPal,Home Delivery,27,9,0.04
426,68,2024-10-07,5,14.32,8.55,PayPal,Home Delivery,45,1,0.24
426,68,2024-10-07,5,14.32,8.55,PayPal,Home Delivery,41,3,0.04
427,18,2024-01-04,12,7.73,9.48,Credit Card,Home Delivery,93,7,0.01
427,18,2024-01-04,12,7.73,9.48,Credit Card,Home Delivery,9,3,0.26
427,18,2024-01-04,12,7.73,9.48,Credit Card,Home Delivery,10,6,0.22
428,5,2024-09-29,16,17.82,12.85,PayPal,In-store Pickup,57,5,0.07
428,5,2024-09-29,16,17.82,12.85,PayPal,In-store Pickup,12,7,0.25
428,5,2024-09-29,16,17.82,12.85,PayPal,In-store Pickup,5,1,0.14
429,94,2024-10-19,14,19.24,4.49,Debit Card,In-store Pickup,57,6,0.27
429,94,2024-10-19,14,19.24,4.49,Debit Card,In-store Pickup,67,10,0.15
430,54,2024-07-14,15,12.39,2.27,Debit Card,Home Delivery,66,7,0.06
431,1,2024-08-08,12,8.95,8.0,Cash,In-store Pickup,28,1,0.09
431,1,2024-08-08,12,8.95,8.0,Cash,In-store Pickup,93,5,0.23
431,1,2024-08-08,12,8.95,8.0,Cash,In-store Pickup,80,7,0.03
431,1,2024-08-08,12,8.95,8.0,Cash,In-store Pickup,47,3,0.19
431,1,2024-08-08,12,8.95,8.0,Cash,In-store Pickup,43,8,0.06
432,94,2024-06-28,8,8.03,11.83,Debit Card,In-store Pickup,92,3,0.12
432,94,2024-06-28,8,8.03,11.83,Debit Card,In-store Pickup,94,8,0.23
432,94,2024-06-28,8,8.03,11.83,Debit Card,In-store Pickup,10,4,0.04
432,94,2024-06-28,8,8.03,11.83,Debit Card,In-store Pickup,68,5,0.08
433,32,2024-08-21,17,14.5,8.57,Debit Card,In-store Pickup,19,10,0.04
433,32,2024-08-21,17,14.5,8.57,Debit Card,In-store Pickup,37,2,0.23
433,32,2024-08-21,17,14.5,8.57,Debit Card,In-store Pickup,92,3,0.04
433,32,2024-08-21,17,14.5,8.57,Debit Card,In-store Pickup,27,5,0.15
433,32,2024-08-21,17,14.5,8.57,Debit Card,In-store Pickup,50,10,0.21
434,86,2024-05-05,11,13.87,2.8,PayPal,Home Delivery,72,5,0.03
435,85,2024-03-27,4,15.95,1.22,Cash,In-store Pickup,27,9,0.17
435,85,2024-03-27,4,15.95,1.22,Cash,In-store Pickup,74,9,0.11
436,6,2024-02-12,1,12.54,5.8,Credit Card,Home Delivery,25,5,0.25
436,6,2024-02-12,1,12.54,5.8,Credit Card,Home Delivery,8,3,0.16
436,6,2024-02-12,1,12.54,5.8,Credit Card,Home Delivery,61,1,0.23
436,6,2024-02-12,1,12.54,5.8,Credit Card,Home Delivery,19,1,0.18
436,6,2024-02-12,1,12.54,5.8,Credit Card,Home Delivery,64,5,0.03
437,50,2024-05-10,7,18.26,9.46,Debit Card,In-store Pickup,29,5,0.16
437,50,2024-05-10,7,18.26,9.46,Debit Card,In-store Pickup,27,2,0.04
437,50,2024-05-10,7,18.26,9.46,Debit Card,In-store Pickup,75,3,0.14
438,5,2024-07-29,12,8.08,4.93,PayPal,Home Delivery,68,10,0.16
438,5,2024-07-29,12,8.08,4.93,PayPal,Home Delivery,24,4,0.21
438,5,2024-07-29,12,8.08,4.93,PayPal,Home Delivery,26,7,0.09
438,5,2024-07-29,12,8.08,4.93,PayPal,Home Delivery,31,5,0.17
439,88,2024-02-18,6,10.65,8.69,Cash,In-store Pickup,83,8,0.2
440,1,2024-06-30,12,5.44,5.56,Cash,In-store Pickup,99,7,0.11
440,1,2024-06-30,12,5.44,5.56,Cash,In-store Pickup,47,8,0.21
440,1,2024-06-30,12,5.44,5.56,Cash,In-store Pickup,57,3,0.04
440,1,2024-06-30,12,5.44,5.56,Cash,In-store Pickup,25,1,0.2
441,57,2024-06-16,17,7.56,5.26,PayPal,Home Delivery,60,2,0.02
441,57,2024-06-16,17,7.56,5.26,PayPal,Home Delivery,27,6,0.21
442,29,2024-03-30,5,19.68,8.77,PayPal,Home Delivery,2,6,0.17
443,6,2024-08-23,18,15.58,3.96,Credit Card,In-store Pickup,68,10,0.05
443,6,2024-08-23,18,15.58,3.96,Credit Card,In-store Pickup,92,8,0.21
443,6,2024-08-23,18,15.58,3.96,Credit Card,In-store Pickup,6,7,0.04
443,6,2024-08-23,18,15.58,3.96,Credit Card,In-store Pickup,2,10,0.09
443,6,2024-08-23,18,15.58,3.96,Credit Card,In-store Pickup,90,2,0.04
444,28,2024-05-20,18,8.43,8.82,Cash,In-store Pickup,85,1,0.16
444,28,2024-05-20,18,8.43,8.82,Cash,In-store Pickup,45,1,0.02
444,28,2024-05-20,18,8.43,8.82,Cash,In-store Pickup,62,10,0.21
444,28,2024-05-20,18,8.43,8.82,Cash,In-store Pickup,55,7,0.25
445,8,2024-08-27,3,5.31,11.76,Cash,Home Delivery,14,7,0.25
446,7,2024-07-03,16,8.74,1.19,Credit Card,Home Delivery,88,7,0.1
447,82,2024-10-15,13,18.82,5.91,Cash,In-store Pickup,57,10,0.14
447,82,2024-10-15,13,18.82,5.91,Cash,In-store Pickup,75,7,0.1
448,97,2024-10-28,2,13.34,2.55,Debit Card,In-store Pickup,46,7,0.17
448,97,2024-10-28,2,13.34,2.55,Debit Card,In-store Pickup,18,3,0.29
448,97,2024-10-28,2,13.34,2.55,Debit Card,In-store Pickup,73,1,0.17
448,97,2024-10-28,2,13.34,2.55,Debit Card,In-store Pickup,54,9,0.08
448,97,2024-10-28,2,13.34,2.55,Debit Card,In-store Pickup,88,5,0.22
449,38,2024-10-14,7,18.8,6.72,Credit Card,In-store Pickup,73,4,0.24
449,38,2024-10-14,7,18.8,6.72,Credit Card,In-store Pickup,90,4,0.01
449,38,2024-10-14,7,18.8,6.72,Credit Card,In-store Pickup,50,1,0.16
449,38,2024-10-14,7,18.8,6.72,Credit Card,In-store Pickup,9,1,0.09
449,38,2024-10-14,7,18.8,6.72,Credit Card,In-store Pickup,67,8,0.26
450,1,2024-08-21,19,16.8,14.38,Cash,Home Delivery,84,8,0.27
450,1,2024-08-21,19,16.8,14.38,Cash,Home Delivery,93,6,0.0
450,1,2024-08-21,19,16.8,14.38,Cash,Home Delivery,55,10,0.23
450,1,2024-08-21,19,16.8,14.38,Cash,Home Delivery,8,5,0.27
450,1,2024-08-21,19,16.8,14.38,Cash,Home Delivery,33,2,0.15
451,15,2024-07-31,8,11.64,13.03,PayPal,In-store Pickup,42,6,0.25
451,15,2024-07-31,8,11.64,13.03,PayPal,In-store Pickup,6,8,0.09
451,15,2024-07-31,8,11.64,13.03,PayPal,In-store Pickup,83,8,0.17
452,62,2024-05-20,3,5.21,3.0,PayPal,In-store Pickup,55,8,0.14
453,10,2024-05-14,2,7.94,4.26,PayPal,In-store Pickup,81,1,0.21
453,10,2024-05-14,2,7.94,4.26,PayPal,In-store Pickup,29,9,0.3
453,10,2024-05-14,2,7.94,4.26,PayPal,In-store Pickup,71,7,0.27
453,10,2024-05-14,2,7.94,4.26,PayPal,In-store Pickup,64,4,0.1
454,71,2024-07-12,17,17.39,9.1,PayPal,In-store Pickup,54,6,0.05
454,71,2024-07-12,17,17.39,9.1,PayPal,In-store Pickup,28,4,0.23
454,71,2024-07-12,17,17.39,9.1,PayPal,In-store Pickup,95,1,0.15
454,71,2024-07-12,17,17.39,9.1,PayPal,In-store Pickup,43,9,0.12
454,71,2024-07-12,17,17.39,9.1,PayPal,In-store Pickup,51,3,0.04
455,65,2024-10-30,6,10.77,8.9,Credit Card,In-store Pickup,40,10,0.22
455,65,2024-10-30,6,10.77,8.9,Credit Card,In-store Pickup,9,6,0.25
455,65,2024-10-30,6,10.77,8.9,Credit Card,In-store Pickup,45,9,0.01
455,65,2024-10-30,6,10.77,8.9,Credit Card,In-store Pickup,24,7,0.14
456,8,2024-07-21,8,7.28,5.46,Cash,In-store Pickup,87,4,0.22
456,8,2024-07-21,8,7.28,5.46,Cash,In-store Pickup,36,8,0.0
457,67,2024-10-02,17,20.0,11.96,Credit Card,In-store Pickup,22,7,0.22
457,67,2024-10-02,17,20.0,11.96,Credit Card,In-store Pickup,9,1,0.08
457,67,2024-10-02,17,20.0,11.96,Credit Card,In-store Pickup,33,1,0.2
457,67,2024-10-02,17,20.0,11.96,Credit Card,In-store Pickup,49,10,0.28
457,67,2024-10-02,17,20.0,11.96,Credit Card,In-store Pickup,47,1,0.18
458,37,2024-06-22,12,13.95,1.26,Credit Card,Home Delivery,61,2,0.17
459,67,2024-09-17,7,19.71,9.31,Credit Card,In-store Pickup,90,5,0.07
459,67,2024-09-17,7,19.71,9.31,Credit Card,In-store Pickup,30,1,0.26
460,50,2024-05-20,15,19.1,5.6,Credit Card,In-store Pickup,99,9,0.1
460,50,2024-05-20,15,19.1,5.6,Credit Card,In-store Pickup,36,2,0.15
460,50,2024-05-20,15,19.1,5.6,Credit Card,In-store Pickup,8,1,0.16
460,50,2024-05-20,15,19.1,5.6,Credit Card,In-store Pickup,5,8,0.02
461,72,2024-06-08,18,10.85,7.45,PayPal,Home Delivery,34,3,0.2
461,72,2024-06-08,18,10.85,7.45,PayPal,Home Delivery,42,8,0.02
461,72,2024-06-08,18,10.85,7.45,PayPal,Home Delivery,61,6,0.28
461,72,2024-06-08,18,10.85,7.45,PayPal,Home Delivery,80,6,0.05
461,72,2024-06-08,18,10.85,7.45,PayPal,Home Delivery,11,7,0.22
462,97,2024-04-16,12,7.87,11.97,Cash,In-store Pickup,5,8,0.03
462,97,2024-04-16,12,7.87,11.97,Cash,In-store Pickup,79,2,0.1
462,97,2024-04-16,12,7.87,11.97,Cash,In-store Pickup,90,7,0.26
462,97,2024-04-16,12,7.87,11.97,Cash,In-store Pickup,32,9,0.12
462,97,2024-04-16,12,7.87,11.97,Cash,In-store Pickup,55,10,0.27
463,75,2024-11-03,10,11.36,12.95,Cash,In-store Pickup,49,10,0.25
464,5,2024-02-15,15,8.53,13.63,PayPal,Home Delivery,85,6,0.09
464,5,2024-02-15,15,8.53,13.63,PayPal,Home Delivery,93,10,0.1
464,5,2024-02-15,15,8.53,13.63,PayPal,Home Delivery,20,10,0.22
465,61,2024-02-09,9,7.02,14.66,Cash,Home Delivery,82,2,0.15
465,61,2024-02-09,9,7.02,14.66,Cash,Home Delivery,91,1,0.29
465,61,2024-02-09,9,7.02,14.66,Cash,Home Delivery,26,6,0.21
465,61,2024-02-09,9,7.02,14.66,Cash,Home Delivery,60,10,0.21
466,90,2024-04-02,16,9.18,12.5,Cash,Home Delivery,99,9,0.22
466,90,2024-04-02,16,9.18,12.5,Cash,Home Delivery,6,8,0.23
467,7,2024-03-12,17,15.59,13.75,PayPal,In-store Pickup,10,3,0.0
467,7,2024-03-12,17,15.59,13.75,PayPal,In-store Pickup,9,8,0.07
467,7,2024-03-12,17,15.59,13.75,PayPal,In-store Pickup,14,3,0.14
468,12,2024-02-21,19,9.3,9.32,Credit Card,Home Delivery,65,2,0.0
469,97,2024-08-24,11,6.34,4.77,PayPal,In-store Pickup,92,9,0.1
469,97,2024-08-24,11,6.34,4.77,PayPal,In-store Pickup,58,2,0.07
469,97,2024-08-24,11,6.34,4.77,PayPal,In-store Pickup,88,2,0.03
470,94,2024-05-28,8,9.88,11.42,PayPal,In-store Pickup,99,8,0.15
470,94,2024-05-28,8,9.88,11.42,PayPal,In-store Pickup,54,2,0.19
470,94,2024-05-28,8,9.88,11.42,PayPal,In-store Pickup,90,9,0.21
470,94,2024-05-28,8,9.88,11.42,PayPal,In-store Pickup,24,1,0.0
471,53,2024-09-29,17,14.88,6.73,Debit Card,In-store Pickup,1,4,0.2
471,53,2024-09-29,17,14.88,6.73,Debit Card,In-store Pickup,60,4,0.22
471,53,2024-09-29,17,14.88,6.73,Debit Card,In-store Pickup,77,5,0.23
471,53,2024-09-29,17,14.88,6.73,Debit Card,In-store Pickup,94,4,0.29
471,53,2024-09-29,17,14.88,6.73,Debit Card,In-store Pickup,49,6,0.28
472,50,2024-01-12,19,12.92,2.67,Credit Card,In-store Pickup,86,2,0.11
473,61,2024-02-18,6,17.3,15.0,PayPal,Home Delivery,46,6,0.26
473,61,2024-02-18,6,17.3,15.0,PayPal,Home Delivery,73,1,0.11
473,61,2024-02-18,6,17.3,15.0,PayPal,Home Delivery,93,9,0.0
474,69,2024-06-07,2,7.54,11.96,Debit Card,In-store Pickup,56,6,0.16
474,69,2024-06-07,2,7.54,11.96,Debit Card,In-store Pickup,8,5,0.21
474,69,2024-06-07,2,7.54,11.96,Debit Card,In-store Pickup,61,9,0.03
475,30,2024-10-28,9,12.99,10.76,Debit Card,Home Delivery,97,1,0.08
475,30,2024-10-28,9,12.99,10.76,Debit Card,Home Delivery,1,5,0.02
476,81,2024-05-25,2,8.66,13.69,Debit Card,Home Delivery,47,1,0.06
476,81,2024-05-25,2,8.66,13.69,Debit Card,Home Delivery,28,9,0.19
477,29,2024-05-07,1,5.18,4.2,Cash,In-store Pickup,93,8,0.1
477,29,2024-05-07,1,5.18,4.2,Cash,In-store Pickup,58,1,0.13
478,63,2024-09-14,18,8.89,3.41,Cash,In-store Pickup,83,6,0.07
478,63,2024-09-14,18,8.89,3.41,Cash,In-store Pickup,28,4,0.16
478,63,2024-09-14,18,8.89,3.41,Cash,In-store Pickup,37,9,0.13
478,63,2024-09-14,18,8.89,3.41,Cash,In-store Pickup,48,5,0.2
479,99,2024-07-21,20,15.65,6.41,Credit Card,Home Delivery,84,10,0.25
480,32,2024-04-26,11,13.33,5.92,Cash,In-store Pickup,60,5,0.03
480,32,2024-04-26,11,13.33,5.92,Cash,In-store Pickup,8,3,0.04
481,10,2024-03-31,11,19.1,6.57,Debit Card,In-store Pickup,90,6,0.27
481,10,2024-03-31,11,19.1,6.57,Debit Card,In-store Pickup,75,6,0.1
481,10,2024-03-31,11,19.1,6.57,Debit Card,In-store Pickup,27,6,0.29
481,10,2024-03-31,11,19.1,6.57,Debit Card,In-store Pickup,99,5,0.24
482,79,2024-02-12,2,15.29,1.9,PayPal,Home Delivery,27,7,0.14
482,79,2024-02-12,2,15.29,1.9,PayPal,Home Delivery,6,2,0.25
482,79,2024-02-12,2,15.29,1.9,PayPal,Home Delivery,8,6,0.13
483,99,2024-06-08,19,9.76,9.41,Debit Card,Home Delivery,33,6,0.23
483,99,2024-06-08,19,9.76,9.41,Debit Card,Home Delivery,1,2,0.15
483,99,2024-06-08,19,9.76,9.41,Debit Card,Home Delivery,70,1,0.26
483,99,2024-06-08,19,9.76,9.41,Debit Card,Home Delivery,73,4,0.07
484,82,2024-06-27,10,12.53,6.94,Debit Card,In-store Pickup,92,2,0.04
485,60,2024-06-10,20,17.26,10.9,Debit Card,Home Delivery,48,10,0.2
485,60,2024-06-10,20,17.26,10.9,Debit Card,Home Delivery,15,7,0.26
485,60,2024-06-10,20,17.26,10.9,Debit Card,Home Delivery,47,3,0.24
485,60,2024-06-10,20,17.26,10.9,Debit Card,Home Delivery,25,3,0.28
486,6,2024-07-12,4,10.66,11.03,Credit Card,In-store Pickup,65,8,0.17
486,6,2024-07-12,4,10.66,11.03,Credit Card,In-store Pickup,80,7,0.05
486,6,2024-07-12,4,10.66,11.03,Credit Card,In-store Pickup,79,7,0.13
486,6,2024-07-12,4,10.66,11.03,Credit Card,In-store Pickup,19,2,0.14
487,34,2024-08-27,2,9.3,10.04,Cash,In-store Pickup,52,5,0.23
487,34,2024-08-27,2,9.3,10.04,Cash,In-store Pickup,37,1,0.2
488,52,2024-02-05,3,17.67,1.69,Credit Card,Home Delivery,76,4,0.15
488,52,2024-02-05,3,17.67,1.69,Credit Card,Home Delivery,83,8,0.02
488,52,2024-02-05,3,17.67,1.69,Credit Card,Home Delivery,68,9,0.0
489,21,2024-11-05,18,12.15,6.01,Cash,In-store Pickup,29,2,0.12
490,3,2024-07-19,9,17.02,7.48,Debit Card,Home Delivery,16,9,0.23
491,59,2024-05-11,15,9.4,6.83,Debit Card,In-store Pickup,58,10,0.2
491,59,2024-05-11,15,9.4,6.83,Debit Card,In-store Pickup,23,5,0.12
491,59,2024-05-11,15,9.4,6.83,Debit Card,In-store Pickup,32,7,0.11
492,32,2024-04-25,19,12.36,11.04,Credit Card,In-store Pickup,35,7,0.09
492,32,2024-04-25,19,12.36,11.04,Credit Card,In-store Pickup,90,1,0.25
493,35,2024-05-23,17,14.0,8.91,Debit Card,In-store Pickup,25,6,0.06
493,35,2024-05-23,17,14.0,8.91,Debit Card,In-store Pickup,47,3,0.21
493,35,2024-05-23,17,14.0,8.91,Debit Card,In-store Pickup,18,8,0.06
494,71,2024-07-09,9,15.95,10.73,Debit Card,In-store Pickup,23,3,0.22
494,71,2024-07-09,9,15.95,10.73,Debit Card,In-store Pickup,96,7,0.18
494,71,2024-07-09,9,15.95,10.73,Debit Card,In-store Pickup,31,2,0.03
495,59,2024-05-01,17,19.01,10.33,Credit Card,In-store Pickup,64,3,0.16
495,59,2024-05-01,17,19.01,10.33,Credit Card,In-store Pickup,14,3,0.05
496,61,2024-06-11,5,11.6,2.28,Credit Card,Home Delivery,33,1,0.0
496,61,2024-06-11,5,11.6,2.28,Credit Card,Home Delivery,57,7,0.16
496,61,2024-06-11,5,11.6,2.28,Credit Card,Home Delivery,14,7,0.08
497,17,2024-04-03,20,9.07,8.52,PayPal,In-store Pickup,68,1,0.25
497,17,2024-04-03,20,9.07,8.52,PayPal,In-store Pickup,6,10,0.17
498,81,2024-02-03,17,12.16,10.21,Cash,In-store Pickup,46,4,0.15
498,81,2024-02-03,17,12.16,10.21,Cash,In-store Pickup,44,9,0.26
498,81,2024-02-03,17,12.16,10.21,Cash,In-store Pickup,98,7,0.02
499,77,2024-02-10,17,14.56,8.39,Credit Card,Home Delivery,77,9,0.27
500,18,2024-09-10,5,17.38,7.19,Debit Card,Home Delivery,94,7,0.14
500,18,2024-09-10,5,17.38,7.19,Debit Card,Home Delivery,71,9,0.08
